Date,Crop Yield (tonnes/hectare),Temperature (Â°C),Rainfall (mm),Soil Moisture (%)
2000-01-01,3.882026172983832,26.43807816815738,98.0979400800395,49.18657561888266
2000-01-02,3.2000786041836116,24.010572456357256,24.584930191283373,17.582954633779803
2000-01-03,3.4893689920528694,27.661551946382705,71.05053286301985,29.350941852385777
2000-01-04,4.120446599600729,29.33150213848328,50.511343861773874,16.63414614703351
2000-01-05,3.9337789950749835,25.494952283849972,47.87726368177081,10.407232895357549
2000-01-06,2.5113610600617946,29.88466166441524,24.394081886689143,19.51500690300811
2000-01-07,3.4750442087627946,22.295397722885976,72.21507657001041,26.127493482723338
2000-01-08,2.924321395851151,10.742592077828956,11.278826483098726,27.24522950896943
2000-01-09,2.9483905741032213,10.285030303005918,99.04533093614852,45.46020620416818
2000-01-10,3.205299250969186,16.842077504075775,84.53735371072038,35.427090555233676
2000-01-11,3.072021785580439,26.469434381350744,53.45089400057921,27.377666208741207
2000-01-12,3.7271367534814877,27.32269412649462,42.45529560580095,49.51990798439251
2000-01-13,3.3805188625734965,29.216250576453557,28.646463245986766,34.56897326506743
2000-01-14,3.060837508246414,11.302429370976368,50.15914709407675,22.906518599398865
2000-01-15,3.221931616372713,10.89142221975328,87.94174620241681,37.652435248431786
2000-01-16,3.1668371636871333,28.265671927340673,27.50064007006836,29.827996907320205
2000-01-17,3.747039536578803,16.100933967257234,50.05374588031359,45.246707762726885
2000-01-18,2.8974208681170994,21.159748012192654,23.454990206703087,45.86045048253285
2000-01-19,3.1565338508254506,29.648897660014196,33.71491136649515,24.694016004846784
2000-01-20,2.5729521303491376,18.008970694718467,19.026050892333245,32.49356203440577
2000-01-21,1.7235050920829607,23.317427966196796,99.05391939211879,20.630937761852216
2000-01-22,3.3268092977201804,18.017591272639706,57.14974464624556,35.065470069702
2000-01-23,3.432218099429753,25.363893289255593,73.28151240366955,49.69387849278699
2000-01-24,2.628917489796779,20.554294511457314,9.82499134520367,43.303540712887354
2000-01-25,4.134877311993804,14.750462759726995,36.611755007431576,24.65639601211301
2000-01-26,2.2728171627006177,15.426122025169324,89.26398030473214,13.8152140797397
2000-01-27,3.022879258650723,15.161184250768144,8.443832642394788,48.667279494940566
2000-01-28,2.906408074987083,20.646406565171215,16.548322833961315,25.58339114710881
2000-01-29,3.766389607179229,24.063780320313285,62.54176103511686,21.735235730672606
2000-01-30,3.7346793849501427,28.985598000862844,62.27889941042252,22.653415716222703
2000-01-31,3.077473712848458,23.881747501659596,83.82270444539296,29.596934665553867
2000-02-01,3.1890812598010867,25.62385687924781,93.54927638714214,48.270055949960025
2000-02-02,2.5561071261849437,13.378522317291313,14.198647542526377,49.464892853339656
2000-02-03,2.0096017658880365,17.481252500146514,25.937381852699946,21.84506909409582
2000-02-04,2.826043925336924,18.27560439716532,42.74614056932558,24.058748309899403
2000-02-05,3.07817448455199,23.72760460000946,0.09032855212496305,30.47226240264148
2000-02-06,3.6151453403638603,15.917839527537472,6.981430295969493,10.327491545189439
2000-02-07,3.6011899243922056,16.06583842839332,22.649127794102164,16.993462529764365
2000-02-08,2.8063365912960236,17.117783092817362,48.11019640158117,47.442360820192256
2000-02-09,2.8488486247123324,26.206041630864647,25.152273816861282,11.177409482454447
2000-02-10,2.4757235174664536,21.551801800866976,87.6681892223048,14.039051188821752
2000-02-11,2.2899910314105125,11.50554559665469,32.427287554201115,26.82588068134875
2000-02-12,2.1468649046874937,11.564921993809376,92.46228121426286,39.25800996636048
2000-02-13,3.975387697615895,17.425738885649984,97.478726073471,20.75512921561394
2000-02-14,2.745173909124173,25.331821012123164,44.98615339075788,22.238623622155636
2000-02-15,2.780962849194407,23.773668529573612,22.712881689932363,22.21891920497547
2000-02-16,2.3736023199750367,24.159647093023732,29.16661334230033,44.90407707014426
2000-02-17,3.388745177915955,25.34420132108194,77.63336816594462,19.043904249096716
2000-02-18,2.1930510762210242,15.743054257726588,27.334970779259105,32.49607304052761
2000-02-19,2.8936298598930157,20.96512563884176,38.05828679202846,49.997245880752644
2000-02-20,2.5522667194031623,20.86705280633539,47.85758584818498,39.13861979572073
2000-02-21,3.193451248929631,24.792650023598988,57.511111646998415,23.45402621187704
2000-02-22,2.7445974312155634,29.137411382112926,99.61004403012382,40.61835881329638
2000-02-23,2.4096839079387937,15.559798895909317,23.220975516359232,48.156628295424355
2000-02-24,2.9859088858306726,25.865633455140966,35.34237032481688,24.941512286103375
2000-02-25,3.2141659352652088,23.199410970465248,26.2891177010511,38.32044960277322
2000-02-26,3.033258611191584,21.6047574172692,36.111343664371034,13.032170524775566
2000-02-27,3.151235948869891,25.497595586948037,10.080451689462055,45.81187347016567
2000-02-28,2.6828389531595183,28.880649328561987,35.98097672410472,13.85026898497248
2000-02-29,2.8186294170064308,10.73382835738826,88.78650314643885,24.917003850463786
2000-03-01,2.6637697761120247,12.948002050264414,29.858984784644903,31.70023371448943
2000-03-02,2.8202234192297295,25.125744630022314,37.193477984906885,20.543105698008755
2000-03-03,2.593426858977773,11.67582705820169,94.44741644379346,35.9707730394871
2000-03-04,2.1368586988341614,20.32247401482186,72.83789963268681,32.17714909569646
2000-03-05,3.088713071126876,14.397215532832139,51.67387148180483,38.68740961192424
2000-03-06,2.799109531895869,15.48591407685503,77.71927284034406,24.165574604886434
2000-03-07,2.184900826516978,24.036809658888323,12.317964885450394,31.840555586106937
2000-03-08,3.2313911277628873,10.603855465374233,46.44903532208423,42.48741600724916
2000-03-09,2.5463508178083787,27.466388558038073,11.823612873586631,42.427853840058226
2000-03-10,3.0259726978980694,18.8895791070454,23.361814501958,38.569598994075264
2000-03-11,3.3645452810887684,20.04786587814202,14.18672597402586,31.677435584599177
2000-03-12,3.0644914553787053,20.800959273873836,36.18012391691393,36.930444030979814
2000-03-13,3.5697003422716502,22.910885891589878,38.16393203959259,13.47521160448203
2000-03-14,2.382587089823174,16.897131732454962,94.73085818332409,28.852688028429302
2000-03-15,3.2011708205887746,12.022149811269827,26.412573118752924,44.40574001218596
2000-03-16,2.657594954529843,16.367578733323533,47.24288453165168,34.294592869065696
2000-03-17,2.564601425409059,13.362842360456407,81.13794039634867,47.6673242330036
2000-03-18,2.710575167617792,21.122663589009477,81.56175864366617,20.487140851763236
2000-03-19,2.844223733936314,16.36057261920773,75.03431870350202,13.852072084431018
2000-03-20,3.0280826711148725,29.161343559868698,28.783376214007294,35.06453742415546
2000-03-21,2.417425079608322,29.314685559605614,49.4971619411357,13.637037192815216
2000-03-22,3.4504132434770938,22.40251761136483,18.621159518672325,41.28541453697664
2000-03-23,3.23283121986523,22.349945353345717,18.839952278280425,20.26969632596229
2000-03-24,2.231878156861388,29.70757129134212,43.58412131383109,31.550074337746263
2000-03-25,3.7441260968977996,27.74566302470372,73.8592221242941,42.455081612064504
2000-03-26,3.9479445880152917,25.301398983162798,52.65842599978379,41.521414748012
2000-03-27,3.5893897855798254,16.271812234854025,88.66832208474523,29.839001083168345
2000-03-28,2.9100375820938247,17.31078056236153,83.09087977775759,49.03385653261891
2000-03-29,2.464623689244729,14.025335315217308,3.160544282040556,29.905326283633627
2000-03-30,3.5272258634655684,19.74296253834749,56.841904286621606,21.151656667642218
2000-03-31,2.7984115265134104,29.80737044279159,60.91612643556431,22.097249782067472
2000-04-01,3.6112225351912137,28.243019060231774,96.15751443000815,39.745708955090805
2000-04-02,3.1041374890384303,12.366988680389381,2.323662670886173,27.484281555623745
2000-04-03,3.4883195182418563,10.503805785810123,53.11037709686289,26.75153939141961
2000-04-04,3.178183198587201,27.972753368165325,20.47813619358524,10.819463810797378
2000-04-05,3.353286584095974,20.743402558974147,5.366290629158909,22.21112641684197
2000-04-06,3.00525001036041,14.003797764169123,58.74885247317233,44.41532319366427
2000-04-07,3.8929352469529177,23.473065391692707,77.26041436328025,42.140179929085875
2000-04-08,3.06345604635181,22.8844635585964,77.48654492251879,39.8604343993064
2000-04-09,3.2009946817223507,12.441712136729343,3.0288410155906775,10.925135467028797
2000-04-10,3.941575348528127,15.19200466995239,40.69464002715893,11.079611657267726
2000-04-11,2.3261204694287767,11.201559286265159,4.45096271486205,22.458598375635304
2000-04-12,2.364757500757133,14.19720947740284,24.783864699076975,28.97813088872533
2000-04-13,3.4846983540790055,12.646113497061258,19.288070275794833,46.38965071945079
2000-04-14,2.4134382974429203,13.864725849491123,21.51825792421572,25.385192640221575
2000-04-15,3.9718105928246463,23.70934291826234,33.91184140345286,21.54100011451571
2000-04-16,2.793190509620126,10.989994885221355,27.74180418359983,32.8461187321885
2000-04-17,2.6262725942796212,12.037092304964329,96.22799113275983,46.58777198198778
2000-04-18,3.9614710132401925,12.683472761565753,35.24071200093821,39.54554845849
2000-04-19,3.740257395717212,16.33082241916268,89.41725152929719,44.26665127917242
2000-04-20,3.933779480213285,15.975006217038818,18.104167152092508,17.287905796921315
2000-04-21,3.4530223291376925,15.101275706332789,76.37468671882142,15.026577812551697
2000-04-22,2.5693871574726486,25.010733068648324,6.134553602464276,31.762845347555718
2000-04-23,3.955032476549517,29.960455755162013,46.27612294693413,37.89483302869
2000-04-24,2.86599831452431,20.679558472575916,0.5510440235525937,48.19952192650127
2000-04-25,3.4012281978981975,28.884054358278842,81.02907630694361,24.861376338259156
2000-04-26,3.473625983886874,17.932202242521292,95.04860360377839,23.862274088147863
2000-04-27,2.9224949534545828,12.133648936054268,3.5107370827145656,30.634171916063387
2000-04-28,3.30703968517304,18.175476589396744,93.38463614733145,37.397517468268354
2000-04-29,3.4611033357832635,15.922555468293867,77.38538914913529,32.64095108461213
2000-04-30,3.1882127655778145,19.868139245783563,35.88615787927954,38.921227733303844
2000-05-01,2.4502996047079026,23.140873538328464,90.88765512228052,25.212597484499618
2000-05-02,3.149119087103028,19.221004383048164,29.625727125090094,44.48790520740967
2000-05-03,3.6631929483435153,28.703210241556512,40.929531223476204,17.31902374335839
2000-05-04,2.6527160701343173,27.695296445987598,9.671126219202165,22.63618571313312
2000-05-05,2.925182729836165,24.039551903323943,65.6938961900144,40.9471065508127
2000-05-06,2.782423224139181,19.793698247290983,2.960082874227188,23.426890159175827
2000-05-07,3.9246318642396707,12.633745636289138,48.49052751990372,36.72618409480061
2000-05-08,3.336147378506218,17.940273335552668,68.31918502525338,21.51190437091843
2000-05-09,3.2037309181205553,24.088030788023474,82.12376009491109,17.484173697331713
2000-05-10,2.615041962777342,15.697710411074624,14.994138962166215,22.029302558126147
2000-05-11,3.2696245956459085,12.079761550868408,75.40903662487175,45.4797318815152
2000-05-12,2.662833669671312,28.157969150212562,71.90770235550296,28.43532514766848
2000-05-13,3.0159152791371757,24.181016196310892,55.95705341197842,19.01660614952914
2000-05-14,2.6820769608105595,22.305528532701942,58.464459778786406,22.85754356660176
2000-05-15,3.3382166474732498,25.84997811217833,9.127072085677812,10.110838265027278
2000-05-16,3.2882954083074702,26.712920751669515,60.047104324038024,40.23233151028115
2000-05-17,2.8958506222110025,19.66917996342047,38.15222070708323,19.027098097312077
2000-05-18,3.1980033563308226,27.6237650281888,86.7580851341647,33.9168416108201
2000-05-19,2.4534692456347473,28.328380214022108,31.30988817359902,11.004381527085725
2000-05-20,2.2543712036471972,15.431021908495628,57.65950773635247,43.3799372789407
2000-05-21,3.2196958506322684,22.150907195815886,42.65713997011944,17.497790145454207
2000-05-22,3.0833367476862645,20.531680576409386,87.62619382503131,10.190735110570799
2000-05-23,3.317515718446053,20.75891558303805,25.391666698918904,22.047512334617025
2000-05-24,4.191572387431971,28.75326187929124,7.880236030946042,46.81948475349087
2000-05-25,3.472239743495207,16.10377405386058,74.86557209831396,20.504568721785432
2000-05-26,2.5435888872779207,29.668679564691523,41.28966169083215,30.139153524716455
2000-05-27,3.5585081440479263,28.042624296084643,58.90983591262915,26.289193774308174
2000-05-28,2.3420462947442395,19.174457772270053,2.6389331713351116,21.769970333283467
2000-05-29,2.7692076975926456,26.349065272363323,95.2109791397402,47.09414314406283
2000-05-30,2.9658791973376846,25.38093988640281,87.76183773849765,41.55979632214907
2000-05-31,3.8566713608246834,23.557899392370423,62.38679005772775,40.47653261495429
2000-06-01,2.62762258897578,16.396677787663087,1.7029842112618043,31.04428497924959
2000-06-02,2.5867807306704926,13.929019836419078,37.79764739828766,42.99446694919349
2000-06-03,2.950773737787284,23.430553935315164,97.87965377421489,28.337146328450146
2000-06-04,2.6682608568189465,26.859465928021685,68.13303587402346,28.607582018862225
2000-06-05,3.5633179610532535,10.325055773547394,16.098786131341914,29.75096253653855
2000-06-06,2.4600342458182882,22.85606750617024,46.05967486545006,19.476409008982838
2000-06-07,2.4262656737944486,18.857460492444247,96.6737743843486,46.9460743754796
2000-06-08,2.781089977627783,27.961755102539673,53.470817441659335,20.350026995141967
2000-06-09,2.7509837746538475,16.429458617084105,2.4614528029824556,17.9263799975786
2000-06-10,3.964766026908493,19.483696245272434,61.97720842759777,19.75007173326341
2000-06-11,3.4747104034628804,20.295342080703726,27.12165309311598,42.69408466263756
2000-06-12,3.0437756206925957,12.808790427421059,9.884595187690437,40.741825507054465
2000-06-13,2.387282240584916,24.257846053978128,40.2908444731893,27.084272338242727
2000-06-14,3.4221814882007737,26.60952690241919,55.85230974322448,10.551276184983301
2000-06-15,2.4998923263052175,11.158185537925204,1.7040718047802716,49.02940133003543
2000-06-16,2.227614451611194,15.827776410738055,55.90468086359475,15.301239099614534
2000-06-17,3.5940148961761507,10.760893630701158,51.12031468396374,44.05690706368957
2000-06-18,3.1584713059624248,29.130882093764846,79.39083830987602,41.268923465230095
2000-06-19,3.4604294118904093,23.34337641407647,42.35498168153972,47.5230312684546
2000-06-20,3.1593638264715107,29.284008389095632,55.34504296698862,40.935941563411546
2000-06-21,3.4284153059513454,20.629885566626157,74.20093040571263,23.254863633081143
2000-06-22,2.6744872033499267,26.041370477912277,89.71458717819455,19.276561736566777
2000-06-23,2.4828785791077674,17.4882796775948,38.00345760236875,25.107632816256597
2000-06-24,3.3407972591408135,17.07638065145282,60.16334957831465,18.123486820666983
2000-06-25,2.5982951679130792,17.565356342102653,69.46109034163818,38.78298990979803
2000-06-26,2.6552251111248997,23.157242674528565,4.327067644219618,43.06074529976442
2000-06-27,2.7722337482413284,17.189063020433046,80.07605084861348,35.85755569588992
2000-06-28,3.0087395795125285,28.007349032084512,37.74301852153938,17.443709252364084
2000-06-29,2.823003044373258,29.665497301003107,67.02389414436098,11.495388441145828
2000-06-30,2.3125243532909905,10.608530306740118,47.166406620494904,33.21605067427858
2000-07-01,2.6781907985835547,13.87246580804993,70.23391426917073,28.506924203184543
2000-07-02,1.8882984238877867,12.24499985174772,72.43309792357789,17.988157127961294
2000-07-03,3.3126157255135937,10.847280941828865,19.157101348646734,24.72335608881164
2000-07-04,2.198971172196626,14.55481986694573,66.21742342864505,31.65865022435813
2000-07-05,2.447808330285775,18.935866407381624,85.13234378820871,35.316684491063185
2000-07-06,3.026082539630487,26.739807305773674,23.556720050497482,29.06575110171273
2000-07-07,2.630218501804343,14.436480610199922,75.81834698938779,48.855712869416315
2000-07-08,3.771507297703368,19.878905113244024,63.38251131552236,11.84905601883424
2000-07-09,2.3535715451382755,28.59237478893509,95.51260344725638,36.328316521075934
2000-07-10,3.1335254346745915,23.3442941357335,26.02465772917608,46.38231607151303
2000-07-11,2.980358590886252,25.96158039511995,15.427777765800354,19.462568444529
2000-07-12,2.4159532511294013,21.019879403709723,31.21210152816999,18.548287522765506
2000-07-13,3.261638330265877,29.6093291768126,25.79587781979187,40.489312299303286
2000-07-14,2.914226834388876,21.773243093629482,75.68327604735128,29.45495176420944
2000-07-15,3.385895275606834,10.91021427925183,73.31093038467984,49.68710026791528
2000-07-16,3.4117520769818657,13.959655998795897,66.96849008553339,33.56494481966848
2000-07-17,4.081617974640345,18.09547257914296,21.63791144584878,46.93767733951971
2000-07-18,3.668263974718196,22.025543451475528,86.18068074390897,10.488420786536876
2000-07-19,2.815409081028778,25.4386173481792,95.65715558589277,16.181584819028206
2000-07-20,2.880310411212037,18.261722518077725,53.16058181086445,37.37676179006358
2000-07-21,3.5498297979435565,24.201166100313774,64.93727306293859,26.65865479589784
2000-07-22,3.327631865361299,25.7973900621825,50.06920990205621,43.43858277715921
2000-07-23,3.320065763048796,16.345203944999653,28.355771510260386,27.155923702260726
2000-07-24,2.191521977844583,29.585404800716372,28.614760399660423,38.519867854199425
2000-07-25,2.987836937800532,22.99312990471671,31.342052273491316,32.64640068133833
2000-07-26,2.6309845453971556,27.619961215722626,19.085000416415397,14.796142693144914
2000-07-27,3.139962299521619,21.118753776172134,90.19236326293176,38.718048268281294
2000-07-28,2.950924805178521,24.832062143046475,85.83981340466859,38.254872053907924
2000-07-29,3.4550894540462957,25.410881232327306,46.16393613188367,14.628726048528588
2000-07-30,3.158609107595651,28.16496758469158,36.72514125601705,32.47645831230916
2000-07-31,3.3931639810544882,13.006995137427406,93.90783565470986,23.426000701948734
2000-08-01,2.7667904516320285,21.16566848338497,22.23734692328101,28.35399128183102
2000-08-02,2.527776872040875,18.567570262117126,55.354195946680164,26.910347721231037
2000-08-03,2.7949751533987257,28.463180423474807,5.449815554216264,14.190976169967545
2000-08-04,2.9914897930692796,12.101893884979983,19.1202197017449,16.32091945165119
2000-08-05,3.189575867777541,29.651477773618254,60.40269333595097,13.47234464574601
2000-08-06,4.129654475345426,27.509026481865927,66.21836528441698,17.697880544134478
2000-08-07,2.9788714241696788,11.476525631284971,58.09958186732397,44.097775459909826
2000-08-08,2.5220274997536114,19.81932771080949,86.96014159992897,10.980905970517316
2000-08-09,2.8270091121503067,24.35119000425052,99.3405220822747,27.264690011474244
2000-08-10,2.768202012676953,24.76303091382113,76.38618421529112,42.03745554812363
2000-08-11,3.240740736886731,28.129882504758417,46.50917841437588,14.010328181095604
2000-08-12,2.2296014927776877,25.99730871164622,83.39346694541027,19.108543606358587
2000-08-13,3.031630997100166,16.21860760688179,12.038739416600164,39.097588302331474
2000-08-14,3.078253268982688,19.968695717249048,68.32706964459298,35.9020973037341
2000-08-15,3.1160905181001377,24.035715258717083,51.833778745343395,32.52095346860664
2000-08-16,2.7013419655173188,12.768736827287029,17.80658862557184,16.86563266512723
2000-08-17,2.8810391351319966,13.879815952003947,97.2933617280214,41.78124047863463
2000-08-18,2.287969545508734,19.620848962197453,33.84374197787475,15.656564475251841
2000-08-19,2.753340058318903,15.964915974110255,61.54234059633834,15.39191578892257
2000-08-20,2.728569261991641,27.2511849956819,87.8594237524952,41.80140177213417
2000-08-21,3.2080250231307126,21.725546430412358,50.66888439148206,24.768933115363012
2000-08-22,2.4219087840890436,16.973303954367353,11.513785017643185,22.504684636933874
2000-08-23,3.3905990508549966,26.976660512088202,81.87390843472899,21.146882052409456
2000-08-24,3.7472422722456846,26.097568971084776,35.32137670588005,22.99888425470406
2000-08-25,1.9650074874932337,29.96709754198539,98.30668688918388,23.623503988304208
2000-08-26,3.2131293653890505,26.946153766674698,88.3825446444558,37.85470774426159
2000-08-27,3.3384540175151227,18.289130696113595,85.34493333489573,19.6104880460509
2000-08-28,2.6812814872238855,12.54997763539977,35.62531775378994,23.013058138956197
2000-08-29,2.801364092835601,26.812818164009556,75.71297778090657,41.04846033880264
2000-08-30,2.9335597112065224,11.19515835920788,98.63290630015888,46.526022932548486
2000-08-31,2.851104560299136,17.005424146897084,52.63216119513313,34.51343880913729
2000-09-01,2.8454935154764387,28.394759615425475,47.07321549552316,14.204729178512281
2000-09-02,2.1619980968350117,29.215329468902013,1.4665820972070809,31.663386428344914
2000-09-03,3.57616578239156,22.81129187042437,70.02037687349363,35.11115496897625
2000-09-04,3.5398092960184107,23.77296633967427,85.84775686018541,22.5621078802779
2000-09-05,2.5933178703978985,10.84908977451045,24.745718608182997,43.12001491707589
2000-09-06,2.266787836098743,20.289606821790958,31.50245771146568,41.283152430287124
2000-09-07,3.260532438226379,20.937363576126824,50.06770213261564,33.012268268811596
2000-09-08,2.712106015093467,16.802014922482222,7.208015736151685,15.800623577084476
2000-09-09,3.07097658166039,11.371936695077686,8.964247609873699,37.89525862736367
2000-09-10,2.8403357914274525,14.57815199448788,42.11107588880808,45.813946553660884
2000-09-11,3.3457693755350935,17.159678737223928,26.121895270342165,20.00404439092945
2000-09-12,3.347374571828003,18.702839730326595,40.60373025327685,48.34743582736033
2000-09-13,2.6372013107682077,21.818534510671384,45.4386298099938,40.85209588121134
2000-09-14,2.308318022302472,24.447830373964727,97.62733967391182,22.012862991164496
2000-09-15,2.208530801332459,16.35263746547892,94.42598201028373,34.672844964463266
2000-09-16,3.3051896895536026,16.579075198379662,13.97301515397661,22.31391728322778
2000-09-17,2.4055703711079857,10.393832854474073,88.25859737322465,13.978715043755763
2000-09-18,2.746591822850656,10.817497201880366,8.020666233007855,42.965946784827416
2000-09-19,2.701842980774746,15.156433886170728,50.76354697177541,36.63228138036129
2000-09-20,2.9737163518652268,24.80489995349913,16.390990010976537,34.560026051228874
2000-09-21,2.0318600970767466,22.566276607478244,36.5892145356934,15.686915228529337
2000-09-22,3.0943892983969143,25.395780413556693,74.33402256486646,25.095084526791883
2000-09-23,3.261945511917103,25.378388724296435,42.45054793568499,45.06544320019644
2000-09-24,3.044211043522331,27.131349353386025,80.69512875713338,16.532178431076254
2000-09-25,2.8445569141507643,24.406385319737673,71.88157110375418,11.916115479884741
2000-09-26,3.0487000831343916,29.580218380016458,94.28394462110163,17.646059075607013
2000-09-27,3.199523172820065,27.976504386036346,53.41560205858773,20.00720028699456
2000-09-28,1.613703621786675,21.734343324464685,80.21479539877953,41.34570095063533
2000-09-29,3.977956154125347,21.763153409823435,32.29071063370519,35.92565884757326
2000-09-30,3.195046661343963,10.68534080704459,34.57458450898646,10.693709872259687
2000-10-01,2.67379570880649,29.970531554167085,40.05104635815054,10.691586109647865
2000-10-02,2.8045233124061992,12.631519947322836,41.0915734298089,32.675857152002216
2000-10-03,3.2468708886745943,24.80694393263184,10.325322066597453,35.33169769513155
2000-10-04,2.9419480304828167,26.42030390248618,51.90989393318636,15.016875236622159
2000-10-05,1.9846577661092528,17.461090586104064,9.680321926902558,34.41848608334237
2000-10-06,4.03224643067966,13.937041093306275,88.97621358197641,19.614076416781604
2000-10-07,2.944729671383764,11.9751977358111,6.184478322329312,23.46885369842189
2000-10-08,3.5100863558579,24.972120116591555,44.969443030930876,26.35326321537365
2000-10-09,2.6539750761078045,19.053070584113915,28.46940663904305,14.647791849371185
2000-10-10,3.768188527122899,24.274355180022713,15.486941565447909,48.5237442177982
2000-10-11,3.14317184444614,28.308152977036013,78.38366908422122,48.95057814510244
2000-10-12,3.3044219172377254,12.931674723021134,71.49323989195257,27.800067563576295
2000-10-13,2.4773733169265224,28.383420014475995,14.59478901815131,20.29865912321099
2000-10-14,3.6055726448413505,18.232529190168734,63.276564110631014,48.34377786101245
2000-10-15,3.344909082267394,16.10534019794578,79.2555167330446,42.72229586188763
2000-10-16,3.650923114782499,28.861245212055582,77.33322203698869,38.96914422232928
2000-10-17,2.6859562201792104,29.813033852127987,9.227959766336157,28.472471491105573
2000-10-18,2.759486440769606,13.977844355348964,68.55127190457763,26.423148057646884
2000-10-19,4.151958348841971,23.136766939039667,71.6023920883577,41.17397089107407
2000-10-20,2.469992088639226,12.129906275421208,86.21662670420272,30.784547110585066
2000-10-21,2.9320251496608396,23.018280077150116,50.80443388649867,36.423285552832326
2000-10-22,3.5684456813013474,26.546264555516995,46.109400030335735,32.64771926433647
2000-10-23,3.0488624838574276,23.68997093048135,96.51163249194698,38.48741628605452
2000-10-24,3.2914768398766467,18.346662841251913,79.65122557387535,13.764200163136039
2000-10-25,2.8002754853685623,17.66132719127539,55.8730990806489,25.10484370543147
2000-10-26,3.1850279439237594,17.86244830446834,33.061707131127946,16.683567540394606
2000-10-27,2.3467365741323416,21.794236359858463,84.52379960035107,19.681756000941423
2000-10-28,3.829065339809094,27.631345401449913,45.54363894644047,18.03297106152723
2000-10-29,2.9409179774357153,28.581323145375357,9.268519215816063,30.132891972154606
2000-10-30,2.659910898001575,11.070592404146362,45.49042727134398,10.759719540396748
2000-10-31,3.333191541015957,13.632447892913767,87.19683961501462,48.55870408033776
2000-11-01,2.769640106305723,12.24448631656577,44.82821468944454,30.758553056382848
2000-11-02,2.3328707642986233,13.86669281533828,1.434914774035012,12.10286056817556
2000-11-03,2.3266412471012226,16.932156212183436,61.14853239164696,37.28215361447037
2000-11-04,3.3468865763450664,20.130633652452477,99.58300034113986,20.75552200391506
2000-11-05,2.9202132809268666,22.589224540183043,81.72485840405118,14.270703703537194
2000-11-06,2.9331492201657805,24.64284438279403,61.72379466181479,43.21214743899979
2000-11-07,3.5388719029881313,27.80223082771614,91.4398886797885,17.916304116572967
2000-11-08,2.4365870956216282,29.781768744595816,81.35816816510619,14.190170754385253
2000-11-09,2.6346611235675876,23.257129571142396,49.86393527400404,12.276258104153278
2000-11-10,2.8075600954093622,26.90729037335526,59.12202854073818,39.14230974136668
2000-11-11,3.047175794658537,25.56077693849398,73.12928092030198,36.210849892910716
2000-11-12,2.9789142743547106,16.15064078437424,84.64261639788647,10.327965623442964
2000-11-13,2.856556403805046,27.51384540469846,5.8176402376711405,18.859221617932146
2000-11-14,2.969186798952176,10.855262758955977,77.48038571611511,38.18728124466998
2000-11-15,2.9463473618544125,10.007346875029157,44.750343997820195,16.085634188158092
2000-11-16,2.6401978057241036,15.474652587769285,66.07985603015408,33.070031325046585
2000-11-17,2.5935035057229614,19.241950592548996,76.463301095885,18.526258670084292
2000-11-18,3.13725817886197,22.767257900013547,53.950192502744834,27.96937139243149
2000-11-19,2.554542458502236,12.035405330890896,15.851485058039906,44.69692247207124
2000-11-20,2.421322370404573,23.4602026766968,40.952683151826605,22.10385709203944
2000-11-21,2.8438538744371535,26.03631734119389,7.687299375237977,37.43889559700925
2000-11-22,2.921166491918092,13.706258391587337,68.93006911552638,27.531249311312045
2000-11-23,4.128361748649104,18.302505096635876,95.37061819630834,13.846210172059532
2000-11-24,2.647649862071883,20.399699799066195,79.5252812224187,24.42539974607204
2000-11-25,3.4716303624847473,19.03614036168961,38.978642278711874,43.6512026539243
2000-11-26,3.3735941671023157,25.996598617769415,58.42914960054944,48.92184969072913
2000-11-27,2.405527522398132,29.210447962386617,30.420067584686915,43.80326682464021
2000-11-28,3.3866264887013,25.9790632801636,54.1045599554965,16.489135630942027
2000-11-29,2.4080596799033414,11.559856357516491,30.072690578464023,23.820371937963387
2000-11-30,1.6704138810016296,26.098711443182545,73.832475679861,43.24752634427001
2000-12-01,3.3031597621796904,11.331926644711023,25.93415079870255,32.155837375830615
2000-12-02,2.1220547082811403,14.7194077048314,96.40203904338944,41.047431884576326
2000-12-03,3.2254672309029573,13.061937936714456,66.19487321735315,41.111330664671605
2000-12-04,2.6579945511313916,13.950382136921709,6.877784768384377,12.843516025204785
2000-12-05,3.8297753980949363,20.56630254114701,1.077776350569315,23.696262624040926
2000-12-06,3.5342546996580047,23.433797152217075,99.70463442051005,29.160860218118685
2000-12-07,2.773307098074306,19.40642564672082,22.050557821579353,47.80898886321552
2000-12-08,2.656081194485659,29.19391278058487,31.25627484571776,45.92915204064017
2000-12-09,2.39296129845294,14.805846400603333,20.841401420210836,26.921279317248793
2000-12-10,2.7795386838537044,25.26280460509586,92.81017724711823,13.826637099476603
2000-12-11,2.8598222524077457,27.40364357014297,65.2012859668614,26.18169147521527
2000-12-12,2.8176532278041573,21.24132221509438,50.43863235561108,31.436133305651232
2000-12-13,3.078351927636182,19.124450039231064,55.76508144925704,46.175887655961255
2000-12-14,3.2892607488644394,21.923688935584874,31.78728472991873,21.79517068564868
2000-12-15,3.174827228496587,18.57619540320686,61.417500236384136,22.354565826759494
2000-12-16,2.6179280380467786,21.10387764646739,41.960036345493194,35.08732938191364
2000-12-17,2.281104263099211,18.338679042576032,19.92281464241792,30.20766220285516
2000-12-18,3.6822659240512357,18.00939420588268,65.66050997098814,17.83475836235226
2000-12-19,2.655275407725031,23.906929362790596,37.38405692592121,15.789089953703176
2000-12-20,2.6738532000324904,11.85702426135936,78.50663791171615,29.579888392213864
2000-12-21,2.7394053438494446,13.330841454576417,41.5394957509527,41.17563825601122
2000-12-22,2.0784652249216755,27.023969434300078,50.827137504619635,41.153250062271496
2000-12-23,2.7610129979797566,25.421546936303763,78.74664791808964,49.03214749282363
2000-12-24,2.7601720929960263,15.629074545887875,44.78780929197311,25.308727926319786
2000-12-25,3.3101791491717565,17.545378653315204,96.62211351241645,25.67957307241044
2000-12-26,3.349228574553668,28.52053013256961,79.30286671951117,10.07277979122117
2000-12-27,3.001885444543135,26.361544503477226,82.64304053149786,43.196694607819566
2000-12-28,3.4659241870571518,22.28692599959262,95.39204667037276,35.86513776272203
2000-12-29,3.169982491900631,14.429803576059154,38.885062884320746,40.796884749275634
2000-12-30,2.9921589441987226,10.885039426305392,58.008026418217085,28.824927997792123
2000-12-31,3.0804640841491113,18.625156936837964,69.35917407956035,46.80773954563459
2001-01-01,2.9046732532093005,23.452542785149237,67.34584835406308,11.164551913308575
2001-01-02,2.802575242983275,26.56960981035703,95.29367945610196,14.611247309515534
2001-01-03,2.866133231553017,27.053780114845388,28.834863387833455,25.040693398860125
2001-01-04,2.4359943342649966,10.655518025867268,29.136152862599197,13.404236324542884
2001-01-05,3.140220852658148,14.883140676737588,91.80044020391466,13.515515278602876
2001-01-06,2.5034381945352098,16.78189176954806,79.93056417265596,32.674907174021804
2001-01-07,3.420815632036818,13.774644219187717,20.335662406959777,18.6448807827967
2001-01-08,2.8752707099195254,26.059507567276757,57.00468780927677,35.06140842228518
2001-01-09,3.0247474908250456,25.349315261698848,74.57637340963282,47.17599288581033
2001-01-10,3.246918388140478,20.336660807619417,35.30363904475091,42.95528838812517
2001-01-11,3.321657232531464,29.65852955991711,43.43822512213901,19.937215502152334
2001-01-12,2.2146882956832736,12.881170821816845,57.539661166089296,13.586517044452918
2001-01-13,2.8965481619180142,27.993034066553378,46.710855754821054,48.00769872863681
2001-01-14,3.440089456040391,12.329265083238322,75.30423900690329,49.77983725493299
2001-01-15,2.1509470902838728,13.263634110282414,0.5938753683069731,24.979795978607168
2001-01-16,3.1936402376975317,23.924384005012378,43.46325243910505,28.42709044570244
2001-01-17,1.8722178852989053,12.191393840833786,33.758137532887154,15.813346453202662
2001-01-18,2.488746578182198,21.316901908374216,60.91640528298269,38.40723171110725
2001-01-19,3.019315275920094,18.404670729453073,77.59584418813597,26.873344274113634
2001-01-20,2.171642448839023,24.5694793108203,7.614516220153023,42.12060581017637
2001-01-21,2.5072446311579246,28.013504776177303,15.805973360119241,33.091868456982816
2001-01-22,2.2640824962682067,25.397430293381106,66.50816241420333,11.711352366665349
2001-01-23,3.82406746610378,26.993797528423766,73.8402441015417,23.398181620143895
2001-01-24,3.082113877743667,10.658908970624648,58.82017770788354,42.34384682680614
2001-01-25,3.283645138926335,16.203909964884062,98.28033489679264,37.52455525535707
2001-01-26,2.888662449742423,20.308661733726648,49.94614891065746,35.301277895156616
2001-01-27,2.8232841256214005,18.31906629259559,13.62923350976436,36.90018569264313
2001-01-28,2.1917629056744836,14.625099059593769,68.629106037108,34.20147502494393
2001-01-29,2.8540813186260685,16.157481959200467,60.20755221947981,35.644973063502974
2001-01-30,2.6192538940941885,28.908619407832113,59.04214750302634,34.816844185634835
2001-01-31,3.428961962146168,15.883617597427031,54.58536352463982,31.33711758018633
2001-02-01,3.5705509333287866,17.078082203595713,93.90957095495389,40.30988501709652
2001-02-02,3.733289357787089,10.074195475000373,12.915639682655799,24.77970254084928
2001-02-03,3.426275969730616,26.90155254555749,7.3197298524978365,29.009533545620062
2001-02-04,2.700673031538507,13.096814068031533,15.411716937731978,26.057982276787595
2001-02-05,2.442051507019803,14.08288551027452,24.499020990495048,18.3684196448771
2001-02-06,3.383331590822543,15.105290341840512,59.29463194364691,22.87555849999537
2001-02-07,3.1781464087361444,27.692441136896853,61.242524909673435,12.200603104396027
2001-02-08,2.1157307746614844,14.129028224926294,23.26018774570843,23.021105356904428
2001-02-09,3.1777408963718847,25.950527217358797,48.92254993109375,25.623323717325164
2001-02-10,3.407259911243933,26.16098680645809,48.20618527677348,13.735363905952953
2001-02-11,3.029462794590815,28.540411375727917,45.31107662852249,18.818205188483866
2001-02-12,2.9074731644953293,12.31122627200628,80.35452949126581,19.981669897713637
2001-02-13,2.596175756191822,14.345579446756627,47.16930698756319,19.098808328347552
2001-02-14,2.276732650218306,24.857965841614426,75.8365495956166,24.008868060957973
2001-02-15,3.4001489746700138,13.92001508561478,16.648113180479807,15.795044202798953
2001-02-16,2.8454427776141458,15.72659093746898,53.196734407316804,39.260054273777975
2001-02-17,2.8832666692281537,13.334831602227252,82.41047760631956,23.706194212710127
2001-02-18,3.8663605934595666,13.453933723100986,17.771658391625767,14.894609360867918
2001-02-19,3.3422505534295954,19.631067092564116,46.49221686976623,33.743991253071314
2001-02-20,3.185412500640551,12.193661242259171,60.907931603571676,17.185927004696907
2001-02-21,3.071030902593618,16.433952369272443,18.47745748372873,12.32225282710775
2001-02-22,3.7599974303828865,18.53187819197758,75.6765605911403,16.531685680989714
2001-02-23,3.8597946537080974,10.490962330479551,7.899624779631742,26.799792481965675
2001-02-24,3.4647525557397643,17.766663329489052,94.64155089077188,37.740358877097435
2001-02-25,3.2911122956989622,11.88244872171034,46.82214942181358,35.6600353908504
2001-02-26,1.9526984643969276,19.871570622923535,33.61230863654765,10.208239174393006
2001-02-27,3.061860957116753,26.514763771141926,11.680700716264036,41.731626100563446
2001-02-28,2.934946522903148,26.368443243635745,43.25966430678647,23.427511138499764
2001-03-01,3.0469766146927846,11.60897031074801,65.98040293907718,37.1886276382228
2001-03-02,3.471523043661259,22.024555153490404,9.448727914238408,11.306926868277314
2001-03-03,1.6301614164052218,26.69172763942473,30.62690951677486,25.75152973489243
2001-03-04,2.7153439732649076,14.759450858692706,83.60175827727112,10.784420052764121
2001-03-05,3.134952177470381,25.238530228991984,64.61810255983272,42.65382140580461
2001-03-06,2.766577226973619,27.815286929001864,20.63730118576239,17.478687220646574
2001-03-07,2.2915469434368703,26.122483028808883,16.090979579308918,36.98191630076367
2001-03-08,3.434481743448398,12.14602063031009,90.44850262008998,21.08264650904446
2001-03-09,3.138435952923064,10.181199990447698,28.70202213409844,15.414044573505908
2001-03-10,2.5144477147777575,13.834482198436913,17.95001688986303,47.21181356186306
2001-03-11,3.1574086022579118,15.409546818932466,99.99640185426024,33.800984631464885
2001-03-12,3.410792856024898,22.32365981231919,30.91918277779059,45.625241891955724
2001-03-13,3.0026463231496803,17.685463504846368,12.474018780936369,22.263976066025567
2001-03-14,3.4002824017154984,24.06814061322947,46.17576297529471,43.19341334713578
2001-03-15,3.0391300875808307,17.06149921043217,43.43451101984821,47.6672933362513
2001-03-16,2.8023855086728227,13.088508493092005,92.68024758303311,25.80735307147153
2001-03-17,2.4202897418000435,16.253796869720702,13.420494747630475,46.16524204793788
2001-03-18,2.9570346165141936,27.6864845277827,9.113640612930684,23.4034297071644
2001-03-19,3.097146469022886,29.170646884901295,9.29786709066801,22.983999965091645
2001-03-20,3.4379163807936655,14.15025468134737,90.42874658222364,49.82930688780383
2001-03-21,2.9424462657563866,25.769367740488825,44.936917796107714,48.096417927094095
2001-03-22,3.2287078031104954,15.466974730797414,15.060652815522568,19.144733838859
2001-03-23,2.5176939931331357,27.74263086862815,59.38300983792906,43.48808108148582
2001-03-24,2.6086854220862374,13.310912255925109,53.762335565083205,23.698315105636084
2001-03-25,2.9448053504865563,23.319198373881136,19.840674774889933,49.16973495912107
2001-03-26,2.472685768007493,11.684225294263651,60.3038139426371,43.99270515040253
2001-03-27,3.4101239186623404,29.47786647947739,34.02312343169456,46.19677205250153
2001-03-28,3.2315651646593038,24.012666892810856,23.837076773086995,32.946940459582336
2001-03-29,3.1395478821962266,26.836314788101706,51.040061089902814,21.766054092847217
2001-03-30,3.1694520626079723,21.333386787260693,29.16492615163876,17.9010002550684
2001-03-31,4.0105217807423985,19.536027278577205,22.213992176121323,31.11487682184532
2001-04-01,2.765567906016602,22.437647827887304,87.97224082996742,36.8606290093193
2001-04-02,1.899279357249721,20.574830233988962,15.57625765734173,39.67154540494803
2001-04-03,3.0996500984482327,19.387687102903058,28.05899772848325,16.815328502518515
2001-04-04,2.974698229519167,25.189005029152856,38.61383798498257,31.435519702842484
2001-04-05,2.7412404787447984,13.564019098785362,27.363831030002284,27.44439280380872
2001-04-06,2.510585070320615,13.42344096310317,21.07106425777696,18.32896843911248
2001-04-07,2.780405239098926,18.636853012994123,77.1146097054588,32.11849269435296
2001-04-08,3.0906692146089108,16.41495832089892,32.90161587235815,21.036548872258297
2001-04-09,2.748591649678731,11.482490358260481,11.251295769933844,31.402182284382008
2001-04-10,4.206226839771874,26.889409848374687,54.08951624566958,18.00437379603509
2001-04-11,2.519747809183426,25.432056133886995,12.54884972364103,45.99770147663221
2001-04-12,2.6034413186461642,20.878429996059694,35.75196074409279,23.52411299678362
2001-04-13,1.8556899799927358,29.586490745287378,88.18267622722838,34.413384106311725
2001-04-14,3.1257422075107684,11.452001330952106,36.91611951062197,14.877319496795835
2001-04-15,1.99179668610012,25.333386020557498,63.250897428825006,35.20068770113869
2001-04-16,2.7302726833127493,15.327407832181937,51.462553600863124,20.881613571656334
2001-04-17,2.8621647327197217,17.37197839887151,13.772484577797561,48.26126361484669
2001-04-18,2.645136017076556,14.38558770406135,64.90695977908352,25.766170641653233
2001-04-19,3.8694363387272555,25.780757829237302,85.60349969338063,34.29626226847432
2001-04-20,3.4971971956577494,12.884802040431321,9.321247404534406,18.632534626531854
2001-04-21,3.659568438150788,26.80033395470556,75.36800891297915,44.459048115056
2001-04-22,2.5587905907250406,23.231552964596677,69.02112815189781,42.17331672481865
2001-04-23,3.5642970322572842,11.180464905382294,86.66605749971458,19.82541249103086
2001-04-24,3.248000473171981,26.219634632003068,10.4091932133467,46.44194032024423
2001-04-25,3.3857029743384226,22.555114323259588,30.569537939667878,11.606200881365108
2001-04-26,3.514719414391384,28.09964639156683,69.42914872263741,40.102924820669585
2001-04-27,2.5456183770204737,24.974446128172765,2.2017978886650247,28.31475141370577
2001-04-28,2.7878411895110493,21.222418548595495,73.40756777304887,43.41837577907856
2001-04-29,3.4312980056642255,26.730943612383953,85.79785790011209,28.61943869744032
2001-04-30,1.6721904535125336,15.561004766024443,45.330405237675755,12.623283826816118
2001-05-01,3.7566640412866024,20.939001236891272,43.432990342665214,19.06182129183388
2001-05-02,3.276566032103792,15.872336396068203,27.8468962069366,49.77499338867754
2001-05-03,2.9771480196698827,29.364087821810173,0.5051870005087333,23.367104110774747
2001-05-04,3.1102538278785867,14.523926016840127,18.630351666635605,16.412208681017315
2001-05-05,2.485032358345512,10.31476479340925,97.98641184223712,42.23323303221955
2001-05-06,2.825028317705448,16.517096840075922,86.72860771213567,11.802793095620032
2001-05-07,3.550142169110187,20.050187939396093,26.65046387489214,12.656350058750503
2001-05-08,3.649010986163111,10.567258684601502,96.37488571210464,21.900751178174644
2001-05-09,4.34811202628179,21.184966000678145,36.77126159532859,11.896038985415869
2001-05-10,2.9630376668597926,27.485655499024602,29.758537475118008,49.828507355692224
2001-05-11,2.6707235165974983,24.0946438883334,15.280763544988519,37.645155443285304
2001-05-12,2.742883017030006,22.459366459566084,90.16110695106741,30.783457634294287
2001-05-13,2.4909790623563177,29.119235014165024,98.69924910668593,42.20665559825055
2001-05-14,2.9610726220295747,29.165586676842118,32.74114040526824,36.49947202447734
2001-05-15,3.191366215006134,26.48532939406457,70.34304233584268,16.93059814703578
2001-05-16,2.982878859734023,22.154836947717023,33.530340980955465,18.78535198595557
2001-05-17,3.548173422832899,19.755291189954136,10.49907393054552,44.70777142885166
2001-05-18,2.882892099327732,10.266322264929347,39.26923068823239,23.478453070952856
2001-05-19,2.8262746737507185,22.125238124530828,55.1569960761176,27.905613704995137
2001-05-20,2.7093657615698374,29.781761507137073,12.301675917649424,25.64542848493386
2001-05-21,2.1836827368827523,26.36202100048058,81.82727747897611,12.081192480201697
2001-05-22,2.216116137845773,16.81209287768704,49.73631168932895,38.18294869134478
2001-05-23,2.410421034681156,13.040940500888441,23.438295250457298,31.602963231448626
2001-05-24,3.6507140358323804,25.68117228934308,59.27595785429433,37.04560327255721
2001-05-25,3.447630136444965,24.87875641263483,79.3259306054402,21.129255586685733
2001-05-26,3.687482033196495,29.34093583958646,32.76243490519758,26.27655633307907
2001-05-27,2.333894172702749,27.496847238786778,70.14763244005944,17.70599049086592
2001-05-28,2.0156876551069898,21.11325250544815,42.78591799806873,26.78730525748791
2001-05-29,2.6699718399329586,12.025684939294843,96.40511688456009,36.13965647188135
2001-05-30,3.087909476648014,19.6700131676792,77.09400866027316,47.78756172769872
2001-05-31,3.2493451374549136,16.27390108044634,35.6350902522021,36.53828799544031
2001-06-01,3.523986077984026,20.248169640496798,1.7747959061762075,31.00638919971995
2001-06-02,3.1421398354036074,16.034031492793062,65.75198953804279,26.654688899926455
2001-06-03,3.8713343903278155,27.236459839511916,19.78721585848523,14.221987370439212
2001-06-04,2.8886971595258397,26.886540279656444,12.187917564913276,29.08297187727961
2001-06-05,2.543460390979102,16.30930314334112,93.17764513967937,16.204323726425752
2001-06-06,2.1593908922527834,21.9916269274799,99.99489702149168,33.2874873231636
2001-06-07,2.555514320952275,18.603617152781084,26.988882056438513,39.209883104423355
2001-06-08,3.1210589804925615,28.181855140571265,30.1768552165938,47.859824467527694
2001-06-09,2.5556398713231845,13.747218028526456,16.498893923816873,21.874114707518665
2001-06-10,3.4683712317676285,23.954568035699186,45.76847759296238,25.87622155030132
2001-06-11,3.7061638530187215,29.40750655674433,86.58437598357476,17.31807758101329
2001-06-12,1.8152065473866985,13.505510391261804,70.15059521248777,45.1176203952173
2001-06-13,3.432026150248824,14.039328568484065,84.63315580765877,42.96308897797691
2001-06-14,1.8801979706691316,23.87446677344456,22.84816556735805,40.998395786929436
2001-06-15,3.2007495275451436,25.58307849049828,73.04560674084802,12.291601541996053
2001-06-16,3.61243528209683,19.810981095878653,91.85266283960603,32.26877767899687
2001-06-17,3.032428053171788,22.193729302942426,28.141611421439038,19.400542481418764
2001-06-18,2.36015541339788,14.253648176236576,69.06535435911852,14.787407868892277
2001-06-19,2.707284397861114,19.532284571346523,40.06574116898545,41.264524007335574
2001-06-20,2.8691772771445496,12.241437617498303,29.02266451589226,18.46325500430728
2001-06-21,2.9088776081050285,16.428438505513295,96.96234687543495,30.032467929906783
2001-06-22,2.8985515796166665,15.695594100619086,34.86332299682927,31.04385393602163
2001-06-23,2.945058610345343,18.8925072020484,10.784968126068728,18.53128016155886
2001-06-24,3.1067400244550845,28.60252724487394,38.85892096203356,29.69044665289529
2001-06-25,2.395713173133389,13.625353242956848,44.76782909599824,12.112795903999878
2001-06-26,2.87899008506489,18.02776493249441,75.22108254992379,10.002897985539686
2001-06-27,3.7591305851778527,22.311944382192895,94.99142669470028,45.21287726657481
2001-06-28,2.8076772884287413,28.931141721480035,81.70569837942126,26.62354808344609
2001-06-29,2.7780819534224013,12.662963830715363,93.0941311255106,46.29679195813422
2001-06-30,3.539098651857119,28.35753233986227,47.50601299749311,29.852294389130382
2001-07-01,1.7204076668279518,11.62107577268123,71.93165682364342,27.24433178352659
2001-07-02,3.5906893006441427,19.614827943205288,30.904958501240245,21.83648562634429
2001-07-03,2.6840481209974163,19.091797344609656,6.958710851901795,13.26755750372155
2001-07-04,3.0819642862262935,14.19205457754391,36.547352532599355,22.38778597058087
2001-07-05,3.0481606779605985,16.94919336231695,69.79152283282977,34.338810606953665
2001-07-06,3.4712340596101967,19.083305366967963,27.462211024804372,40.51145388891957
2001-07-07,2.866202626882326,27.304229258212583,86.1405895641521,31.633020706153747
2001-07-08,2.660987109217775,29.101282907471195,79.07728499829018,40.33023374785675
2001-07-09,3.6489228953255495,20.378513572743305,19.404254918460296,16.310063666359497
2001-07-10,1.81791309142941,27.401995805888436,33.083676249080675,33.329597267166946
2001-07-11,3.0101670908526215,22.163431713535587,82.53026175490918,45.304129081028414
2001-07-12,2.32603728868544,16.98174683975351,24.393778951129942,18.718408305632135
2001-07-13,2.6192133058717206,13.883884152269381,33.160214566713066,19.106757535719613
2001-07-14,4.005628340731569,18.262695435655296,34.306693242308675,39.937300522722026
2001-07-15,2.9777022867720713,20.456485658476957,80.10420278257668,42.48227139395182
2001-07-16,3.0975348485756906,10.888867765191124,3.7030265605016766,19.92185318776397
2001-07-17,2.1092185721472045,12.916823317417014,7.378698312141429,23.262792167511112
2001-07-18,2.6354776706026524,22.0036884796288,57.84515481629376,35.27077601802447
2001-07-19,3.0982787003643923,14.500031893543241,39.71119909960667,25.937268527567593
2001-07-20,3.177378846556609,26.74652752162595,63.28853196107076,34.960438805170114
2001-07-21,3.3084432771966394,16.538844995483814,26.646127617938287,29.857201283869003
2001-07-22,3.0043139494587883,12.096684145065018,90.95826774815608,40.946052363149
2001-07-23,3.26350210422733,11.67061177110634,76.0941887174456,43.83554587653297
2001-07-24,3.226890956317842,28.742460410635594,6.774622055039603,44.5530883722064
2001-07-25,2.0851297944977345,12.360406224837583,78.3905477285034,34.461003109193726
2001-07-26,3.0185028609550746,12.8181952832412,96.95823723122513,34.50336418077001
2001-07-27,3.383951203866352,27.25332115865506,94.2435620587473,27.985875952776233
2001-07-28,3.2949399103672596,15.08576260554688,73.54837980254477,11.104561798532217
2001-07-29,2.818070595014605,23.319028215088323,12.35937534812156,21.967208778530498
2001-07-30,2.597186746230316,26.334513740597828,57.60767658404541,12.547908740029632
2001-07-31,2.440844037839184,22.14361280260384,28.423272884048878,27.511409954390125
2001-08-01,2.934472994229294,29.14977086895699,97.02129436362472,43.97940995930457
2001-08-02,3.5665399397798607,24.177657985216825,71.74857253616094,33.87208070819285
2001-08-03,2.024097949259199,12.255030198073166,61.07655897874192,37.02130393078228
2001-08-04,2.670054135135251,21.1682005309176,69.50880426047263,17.520318871083
2001-08-05,2.430098772286613,24.36373052178368,43.79791291096805,20.47812598811177
2001-08-06,3.39247876062025,26.039144807468904,37.27367514376066,16.52528611891578
2001-08-07,2.7228451867143497,10.52642670568183,93.57995794399642,43.707550490417226
2001-08-08,2.7646811709226045,24.37757830542849,33.19271347926866,21.2125205194997
2001-08-09,2.8915252150316757,26.513616420388992,4.143613173271932,32.493052388049165
2001-08-10,3.2226966254473988,24.93667621870713,40.08401541544574,15.64514452076034
2001-08-11,2.8038055009251814,20.246982913111964,79.03403526216722,14.959556333092468
2001-08-12,1.4769284726000367,19.160419261776056,64.84683580489194,23.9033345286407
2001-08-13,3.2716559456937597,20.98837166599632,96.21707754778747,23.21412632240069
2001-08-14,3.2195214788360214,24.09287397653204,10.620186761913764,23.154129352456316
2001-08-15,2.8902294858343933,28.45828581264971,91.15463022293834,34.03731148079025
2001-08-16,2.4579816896640327,22.3407042128225,36.884919391406214,22.639606241617777
2001-08-17,3.175890055340679,27.756686125669393,47.40025854219123,40.74943475899085
2001-08-18,3.1896177667677934,24.025136948914547,42.84821544892344,13.626830729865652
2001-08-19,2.7649835586495626,11.366727548776952,11.645228109244144,22.991434309505145
2001-08-20,2.8916342647122306,20.016563800032436,24.77964557251887,36.767725140082504
2001-08-21,2.5349217487378395,15.729726966304847,74.2271569229792,34.1172844191012
2001-08-22,2.9107054539563353,15.703498562651445,2.30075418456952,14.780624734682215
2001-08-23,2.2247853274582594,17.118551024319686,13.388777438627454,27.5789397253935
2001-08-24,3.2086594105159176,16.294655440009514,2.5210168791350074,22.36885851498147
2001-08-25,2.527815754587853,21.572199602342003,85.73880573235492,35.2748172925909
2001-08-26,3.119051573916156,23.672030007071143,61.73248277817797,15.194811182912144
2001-08-27,2.2970185418660503,15.37498774153471,16.992866211855883,36.822636919348305
2001-08-28,2.70497117706523,12.595252451367626,76.87722230537535,28.55330125079159
2001-08-29,2.944755297467036,11.176174418689243,96.68005974515538,20.99559951677028
2001-08-30,2.1696500940653682,21.515056900611043,93.45603745300181,39.89775974656304
2001-08-31,3.057573936570046,13.722603326660048,92.15475478121652,17.516394212529846
2001-09-01,2.8104262185600386,10.184959884473987,0.7810215405743226,16.08951754252207
2001-09-02,2.128821901095385,28.555061586474082,58.90134889852785,10.614237462581833
2001-09-03,2.348378622943842,20.742808381664812,25.663261663902926,44.45201425250808
2001-09-04,3.302560042041083,11.848963604939456,56.464721430985875,29.69462162853751
2001-09-05,3.447777992775662,26.858422242549707,31.803028916055464,30.66862437286182
2001-09-06,2.9340456801100165,29.664054765802362,15.36665427726126,14.590504668233413
2001-09-07,3.202380906020249,18.972013240354343,44.44937233583467,14.311045441905094
2001-09-08,3.1119217816564553,10.849792164763164,49.509632717637345,23.351336195788118
2001-09-09,3.164811491063869,12.35091881512127,98.97655068476246,30.649225760744457
2001-09-10,3.6429920035401464,17.63307493290864,4.238788413854011,38.03488876173398
2001-09-11,2.246500800892864,27.71045274897754,30.11551988972766,29.970814260517137
2001-09-12,3.3382303661808117,12.960773585555241,85.18938450883226,43.262337241561625
2001-09-13,2.80899552221109,26.47980188005391,65.96954981260427,25.09569326987956
2001-09-14,2.88787053287418,10.299525204380389,82.66830318458959,11.123519678188059
2001-09-15,2.848875134772465,19.14777397571622,66.02909185597778,27.04609100104451
2001-09-16,2.8124264416693583,22.887942819011364,75.95363091461329,13.40010517269464
2001-09-17,2.3869019041084902,11.207589640511928,49.29217499970573,22.882177094547664
2001-09-18,3.091669599628801,22.295255012329733,20.48776928975975,49.4061873247363
2001-09-19,3.8354715163944286,28.888082429391122,81.00038608371999,44.294170284841734
2001-09-20,2.9719334897756213,13.205198402731902,56.782065466396915,19.45822852635756
2001-09-21,2.9993074786324523,24.592227660707056,13.95051937868297,25.03849725250835
2001-09-22,2.656350481421668,22.181877958870867,80.48940268708661,27.246605237772428
2001-09-23,2.9412627267909444,13.70232777758461,95.85859103625782,40.554735108007435
2001-09-24,3.2330832130170153,10.124068294187321,34.61638726284658,11.338285112822604
2001-09-25,2.8148787796478287,10.18568901011854,29.35122520864435,11.544910801116135
2001-09-26,2.7730979794739996,20.641848183440572,8.177517820756607,14.684714701148618
2001-09-27,3.2016322700816233,28.85558819122387,66.44912264494155,35.13299930340297
2001-09-28,2.540997615090477,22.88597254931225,95.89616184964967,26.58186468977789
2001-09-29,3.126248313538436,24.285996925874873,13.599268999160763,43.95702515049336
2001-09-30,3.410160898630711,19.877309738410744,48.51596313193155,21.362315609113487
2001-10-01,3.6799742708397423,21.637778852691397,9.823818465324784,29.570081192377348
2001-10-02,2.9548089963615265,12.52735050661207,3.4109903709815814,38.271428861189776
2001-10-03,3.6837986199033566,27.536412408012616,66.45010506676454,31.80804788660037
2001-10-04,3.517204943240759,25.215852573336036,86.76871753434979,22.671999110278374
2001-10-05,2.501893679814467,29.963979056892192,33.757053612602974,16.10171074453403
2001-10-06,2.3910307442034244,15.954458951112427,87.57651744100993,31.624136744976482
2001-10-07,2.8475181810727896,14.540355435921157,11.70530991510319,15.68626009048593
2001-10-08,3.514467746297427,12.503233159226859,23.796068191747622,47.57217838765782
2001-10-09,2.9638564962199974,29.284195132320896,90.16067269067184,31.595624424425615
2001-10-10,2.699671221171106,25.61770369256047,50.85098936906702,16.99661219427705
2001-10-11,3.7761215900242804,13.326492274392773,60.81923837970241,38.8257018766763
2001-10-12,3.143452244001673,21.053729422164277,3.8018232542507913,14.141887772790888
2001-10-13,1.8397028621046292,18.275364161345536,12.838991014788892,40.865791598960804
2001-10-14,3.1585803131463446,13.029720156123856,5.579081250085316,28.291564443161747
2001-10-15,3.260020307285434,13.241459700599309,90.50007399496693,15.30647822050128
2001-10-16,3.112804327235552,29.269399894903714,13.479496387094702,11.48844145235206
2001-10-17,3.224856050115996,16.099283659154445,84.96728266087545,49.7351197475962
2001-10-18,2.966362195538509,28.828785833678864,35.103469937245315,20.97473160350525
2001-10-19,2.340802065177633,11.512213461301688,80.059749636578,48.089944882868245
2001-10-20,2.8146479983897734,19.21606084586381,36.50435474567474,30.07345346948203
2001-10-21,2.5271921022218544,12.592380970335203,26.768403969287647,30.12061535701926
2001-10-22,2.533629544602811,10.095747704823443,9.366070118905723,13.642788734885336
2001-10-23,2.368465825448862,21.07532147412153,28.070659057413373,48.028232753519
2001-10-24,3.226244546319823,12.277882096227268,47.147971671727994,39.315834582003475
2001-10-25,3.0489480727063136,24.440490618673593,81.75087988967955,30.749113526382047
2001-10-26,2.775917318659646,23.96232751413799,45.251495476869785,14.81028556295544
2001-10-27,2.675331036134806,13.526658149289783,97.14355749376175,17.02706277953142
2001-10-28,2.988288447489274,28.834842865310332,54.163301085482296,27.28666420567135
2001-10-29,3.5395973640562444,24.42086816864979,2.4945629811443437,24.49035282928868
2001-10-30,1.9978921422505425,15.959405283138599,41.53673001912724,32.32552027485331
2001-10-31,3.188438260425446,24.184675279015813,68.88991073865137,13.053758990288351
2001-11-01,2.7271440129911086,24.63860555363072,23.42916462498248,11.613840772733592
2001-11-02,2.057707077510276,16.844526625019213,69.86299508481586,30.444123467602168
2001-11-03,2.0271484584180204,17.511771249229184,50.36973051815162,11.14005523716289
2001-11-04,2.543608252932354,17.182130153066,2.5737775583115297,12.382078160407044
2001-11-05,3.1097547778965224,22.33236887104148,77.43529494802057,25.053658327616255
2001-11-06,3.196531466990046,28.008202930803588,56.03737038140751,12.471162789392078
2001-11-07,2.5305092136611074,13.463864724571753,8.249350308109339,25.418785064654003
2001-11-08,3.508510495706622,27.50399219672637,47.521403346227295,19.67002063637746
2001-11-09,3.711491748258053,10.55306313010685,28.729288177474665,17.510811884363505
2001-11-10,3.19804329247828,23.20677191956445,87.9681542587933,26.187193259450513
2001-11-11,2.7042986660959447,18.288777463793885,28.492705280724874,14.796156225250282
2001-11-12,3.562209592255184,25.825631044649874,94.16870709741988,23.98557468477083
2001-11-13,3.3776978478316693,24.42396225861806,54.61327493471126,27.394945174664116
2001-11-14,3.433703705677459,19.60215614290368,32.36137095467213,43.200117878405514
2001-11-15,2.671768162514234,22.877280734451936,81.35450174175773,47.31224729928889
2001-11-16,1.5827227473626488,20.035462613998902,69.74003783657659,22.333537378649304
2001-11-17,4.058395510741837,26.230369412437664,41.39624956958795,21.705681989617453
2001-11-18,2.1945607982750333,19.52167971936464,62.96183027065931,32.660730970848725
2001-11-19,2.9821159640698895,20.463119799841515,77.85842640282813,15.496577056012955
2001-11-20,4.190372675609876,15.010411728343572,85.15577942834894,23.988487389122298
2001-11-21,3.1652883781371868,22.100860336209447,81.64127137140636,12.128655166476294
2001-11-22,3.474623236779118,16.0580961733967,16.6077088593418,25.162725751285105
2001-11-23,2.2488017153091437,21.545680290859643,82.83895525035857,14.566053828924419
2001-11-24,2.111166522633147,13.393562311481396,5.862905888377212,32.47251647209184
2001-11-25,2.733648604010223,13.189381846823176,20.01706815505686,35.66374937582647
2001-11-26,3.54537486721725,18.340594823839872,62.29267200659891,49.48366146706783
2001-11-27,2.826875276176345,18.53639030221082,11.469252544690434,17.8055464903776
2001-11-28,2.6026818394642506,15.36218529825078,60.334759505620006,18.288085952098555
2001-11-29,3.098983644972484,12.6319370073338,30.79656913635638,47.896780743590604
2001-11-30,3.5409676092386326,10.784210784277942,42.94665851546483,44.58563353827274
2001-12-01,2.277529900463314,10.504636545756323,31.515150344547806,34.642161977488755
2001-12-02,2.394728502938324,15.431005800129514,7.017356786490447,43.65628947000836
2001-12-03,2.605665372745317,19.237068843238742,50.075875292196095,18.38768578885954
2001-12-04,3.5473191873560457,24.52486562612254,96.35994443948874,44.961152914537436
2001-12-05,3.117410762974366,19.49743401428018,61.178334816012715,44.69230038698562
2001-12-06,4.066076705285222,28.081016388705635,30.003187161712532,19.924489939202505
2001-12-07,3.468222862915558,10.70439609150814,95.61498341240191,30.33493257039519
2001-12-08,2.982452411565165,13.613212430812688,38.92372519522274,47.19097055564018
2001-12-09,3.632538919044383,16.770289855402854,69.75177338688435,37.16599984669941
2001-12-10,3.105748506365939,21.549923761302452,63.41128049224443,36.420764212829624
2001-12-11,2.6475393237462774,27.054723157878847,95.29108480388516,32.390584022574636
2001-12-12,3.339987422122551,17.004039039131527,91.4602694494837,20.753262587730006
2001-12-13,2.6518366730694587,15.359773650088401,14.800405635003122,49.13661486045036
2001-12-14,2.8548014495980665,11.237783376857916,8.568587472942246,27.900385824887316
2001-12-15,3.6638913479789914,26.42606955396208,80.96423277988296,22.458003862118552
2001-12-16,2.9493592568913005,17.59332886413358,90.49432132968231,39.14322838727109
2001-12-17,2.598429306329186,21.43100390833869,49.297360392289946,34.3081925304187
2001-12-18,2.7678311542822542,29.67110836342441,69.07612738337751,23.689652328184504
2001-12-19,3.5108952927943364,10.03189141208589,6.9788280178418205,22.151663634281494
2001-12-20,2.7237296632916355,12.90900281397732,21.98043978564719,18.580267406501292
2001-12-21,2.8065645765746767,25.582219880387107,14.937619465672114,13.139457469610377
2001-12-22,2.7448536301831856,26.102549704156758,60.116058355003396,35.02843626077035
2001-12-23,3.091962747170155,25.384942380655108,19.753989376610715,30.22774552575021
2001-12-24,2.8072551198121958,20.739977820856588,5.984631555085063,19.393936430113847
2001-12-25,2.1990819755137316,29.57713962046112,30.220728273601072,12.204981023334508
2001-12-26,2.55640952907748,17.92369119990641,67.72124291139528,10.756042730550547
2001-12-27,2.533605479246781,22.038873962262247,57.78637242618545,39.53983718660469
2001-12-28,3.6216596922275777,11.267380090976966,33.07249654946358,17.5301275662068
2001-12-29,3.4063370210545214,18.197148998146773,83.34788758433764,20.665744775580265
2001-12-30,3.293629689699913,24.45000175019844,27.626910801208957,10.564487751223854
2001-12-31,2.747320841367795,14.774776815413986,26.054763836568263,16.025562193287154
2002-01-01,2.5921042290030143,28.876551781462968,55.99474107895882,44.977828702499835
2002-01-02,2.7462411991713216,23.735667352865782,47.821563984577566,19.68243338969831
2002-01-03,2.474059948724163,15.751507657151429,44.59726606003607,48.15832793932288
2002-01-04,4.248600195793504,25.37997845411713,15.578561895406718,16.573873536005557
2002-01-05,1.877339175814299,11.663295436162182,50.464619163299105,20.130458346385772
2002-01-06,3.2820042675369043,29.49548845020913,25.901891727544424,44.7083987390797
2002-01-07,2.3577238510037364,10.98570518147117,39.21798826190154,27.064333547672845
2002-01-08,2.9478282542526535,28.669117822974364,73.35704476706063,20.713157567744233
2002-01-09,2.505999028753133,15.057077554965224,93.68628255593556,37.71255050880718
2002-01-10,2.4111855187586846,25.15648215381781,77.38629651893243,12.049136159289592
2002-01-11,2.429901849532519,10.001473988662122,40.56338946232637,45.62420706314018
2002-01-12,3.8774930768710294,15.084801783591995,59.30331393287639,43.662461814266386
2002-01-13,2.933505788845204,24.9820121329944,74.6497815875704,13.431881405297435
2002-01-14,2.617148902760957,20.646721417946445,41.42210500958915,41.944749864979784
2002-01-15,3.2778934820414367,12.299042992742297,36.02481588123011,48.44681767532783
2002-01-16,3.0051746572831495,17.872594916745506,13.524329595586327,29.682784766195738
2002-01-17,3.3600168796708263,17.51098710169085,73.62608014758756,32.726134005041516
2002-01-18,2.087871672031085,21.363244883618997,83.85085908076249,37.1918696090371
2002-01-19,3.1518019522310006,23.359541449204357,31.658441102995283,20.66907772864044
2002-01-20,3.386347418551191,26.816604848245,78.35077656425354,35.98645035953499
2002-01-21,2.1692008544427184,19.944627939547452,61.02130583369875,28.994700004117682
2002-01-22,3.2240976422116563,17.8404343461034,78.4083046403244,26.22167218454313
2002-01-23,3.8480907864140805,12.879530681907633,41.133738314966436,46.112062383500195
2002-01-24,2.9925711483226487,26.096459299794446,74.75763636496066,41.916124397939356
2002-01-25,3.4107029685124055,24.2674081082912,40.8509117897626,47.38430512814509
2002-01-26,3.335285225155455,18.173547949093706,8.87579854194529,43.46607299548425
2002-01-27,2.6462471512447117,20.36864619885339,55.05789181349441,11.672424046132054
2002-01-28,3.0198833672932475,23.303656888237775,45.432872638864566,34.261175643032935
2002-01-29,2.2165026445691987,13.296111796950756,25.287988720157717,37.905475260618836
2002-01-30,2.774348481448737,10.543955888158404,89.21133349667691,36.594299028652
2002-01-31,3.1328439874831178,16.350073983733708,38.28533055360012,20.878257390334028
2002-02-01,3.361550246868899,21.91170039272326,3.9126111432281396,27.025214058599666
2002-02-02,3.012306062623956,19.732121825629175,38.21357402025903,11.561165523343835
2002-02-03,3.3599918650715828,23.85109253726254,42.45098079003697,13.76376510782693
2002-02-04,2.448546893522315,26.393796111490705,86.16377231941598,32.42047602476735
2002-02-05,2.949151362722564,19.76884933460552,79.91832081050435,33.29647057862321
2002-02-06,3.0096396922565387,12.685340474356497,19.99665859079243,18.04917162494555
2002-02-07,3.9247956233398185,27.012559995979316,83.90292259588709,27.928108949661848
2002-02-08,2.892916671899958,21.499806545482286,24.79272282536652,28.88309038994646
2002-02-09,2.7504916810029085,24.798749615657414,34.1934148164293,10.45347110140721
2002-02-10,3.010675611921774,24.09329307216583,7.681845397749132,15.700831332099717
2002-02-11,2.540443277565028,29.364235426624834,5.535631313436385,34.97200229130715
2002-02-12,3.096376924532608,15.906146446716278,68.08601208111375,49.712804311904684
2002-02-13,2.8174723917268714,24.10613545558524,92.3341084521733,36.01566991749745
2002-02-14,2.104336225979408,17.313526662518367,49.30168542378287,14.808666687514398
2002-02-15,2.9707067244330694,17.908214418372836,84.40937119585831,42.85761188396427
2002-02-16,2.8412284530349003,14.611892733174429,79.37512496926533,27.261508847263364
2002-02-17,2.1837883489660084,16.88020351301708,66.46787233813292,13.34800836857777
2002-02-18,2.9664329226927393,28.965935033165263,97.82289311177786,33.9929833330409
2002-02-19,3.74467798103724,15.851416938952019,80.2187920876386,19.121843926596757
2002-02-20,3.260651874137857,14.919812119131734,27.484439421426142,26.671269895181176
2002-02-21,3.305963596365579,21.66275956947644,78.9014246221108,22.73176999497405
2002-02-22,2.3292516372084786,15.160719134835093,69.26616462839036,35.71415790028958
2002-02-23,3.2384491844611114,19.4677145118859,39.952044663635164,27.24138691226488
2002-02-24,3.074224790690039,26.68352513112474,7.679747022711503,14.159283728659059
2002-02-25,3.2645226191672156,14.60800628614351,21.435952961809967,18.627022645282167
2002-02-26,3.2113143108544127,18.5338282436784,79.7237891643355,30.017810945522463
2002-02-27,2.320109637248093,22.209794700400636,24.84852881360492,41.56736908283039
2002-02-28,2.979299594221016,20.91257849146971,99.78579830233481,10.38973060950541
2002-03-01,2.621064569787417,29.494464748304743,69.39881399885446,34.497091359576004
2002-03-02,2.974957952857589,23.6074050879039,47.72224807176079,14.635270347026648
2002-03-03,2.551299536549085,24.798924840968795,57.04366902119271,34.16197695072678
2002-03-04,3.656235183570498,29.339118959334666,61.08727235414362,43.47230541912996
2002-03-05,2.570513805777829,18.28876050457042,96.89448200326233,19.1393186590774
2002-03-06,2.5505289217672322,17.107596301221022,16.174119463151946,29.82059009909071
2002-03-07,3.0372932032717768,10.87724859532765,27.239580266075457,40.962117033781404
2002-03-08,2.4614504652980025,13.684086130376542,70.95910479712437,17.023099170184825
2002-03-09,2.787668348783567,14.743792641033517,23.985798314356554,16.102445708078463
2002-03-10,2.585017701231019,13.67008934142677,87.12971622020503,46.20183474557041
2002-03-11,3.7055860319448057,25.09567786393129,34.653417565811864,37.78586605495586
2002-03-12,3.3929019134155864,20.717659625522234,18.08393999158191,39.462934521688865
2002-03-13,2.971265240767303,23.352676029169345,4.762076084981848,43.75874510448161
2002-03-14,2.804391473912992,26.409243216787473,59.559504031794994,31.577031235400455
2002-03-15,3.4704588072875566,14.615478825717894,82.52821895545517,29.53621996769855
2002-03-16,3.202602040161444,16.51847879642998,27.379311114879123,32.250294063335204
2002-03-17,3.2490262023414282,24.167205340731936,91.75394862588203,38.68071875728563
2002-03-18,2.9869038813278745,17.855178918089457,75.77342701180048,25.637492206090457
2002-03-19,2.155884986114284,10.585418802020882,6.130068249878473,13.806729868679355
2002-03-20,2.9437670087202235,18.69910438053756,57.26329966747499,15.423875383315387
2002-03-21,2.733755040395466,28.165461728308287,56.74409403252657,48.956118321696145
2002-03-22,3.3225276367299386,18.180430231857493,20.237230493598023,12.068706493631298
2002-03-23,3.5059212164970948,16.64497832885494,33.45443786657215,38.464773497965965
2002-03-24,2.6710244776194156,29.790501658900542,45.827889358376225,47.74726113684013
2002-03-25,3.234192617138526,22.88831128474026,4.807782123741844,15.170381889623323
2002-03-26,3.8679394988428566,17.319960529423618,14.977640928588787,38.89057511408313
2002-03-27,2.6661436397147207,12.040390627276148,16.400438911055872,22.098263919212428
2002-03-28,3.840960870036569,25.756988898928423,37.92357544563909,19.478600732446555
2002-03-29,2.5737070764146766,24.161498669755154,74.73574586765804,44.10490432852302
2002-03-30,3.0114798778039757,28.438315984971297,83.1303659097259,46.37414766343935
2002-03-31,2.9944271940790794,14.345512600560166,16.284904601703886,23.882020375695205
2002-04-01,3.0057494499350312,12.29848699976464,75.19060360067698,35.3059014683707
2002-04-02,2.5811609790460275,24.48145052818127,67.07099583881694,17.037505373378448
2002-04-03,2.704408448117785,14.067916839973913,89.06873919138783,41.59037745705011
2002-04-04,2.6661398568203003,13.522076755789922,96.87912539451719,45.249595515028254
2002-04-05,3.1634812977022286,16.396146707921442,12.446060880994104,22.746894087261147
2002-04-06,3.165017557255156,26.336502829568754,8.067386142081666,36.11867936989927
2002-04-07,4.112972165869129,20.790732102192614,79.97301289520094,45.0567079156597
2002-04-08,3.6854945031455606,10.91700710204562,16.217087308585842,10.61499624999026
2002-04-09,2.7450783789307605,19.277893493186344,19.45745242572069,44.2294104831902
2002-04-10,3.162434807898093,23.679592227329504,88.20359225258268,32.884573766882184
2002-04-11,3.4985589903958796,20.767368769380315,93.8964897102525,26.560615391006046
2002-04-12,3.015300912169259,21.449004363131117,31.8471243922974,30.90463387395005
2002-04-13,2.9651792107765322,14.495546567853292,84.2168100437994,42.96248032247968
2002-04-14,3.0257874713849446,26.954786631906963,85.8856909563651,38.885181982001185
2002-04-15,3.433638314404214,21.227974351822482,60.539048050203625,30.050594027289975
2002-04-16,2.575839738597384,24.264920260813533,56.608844806314494,29.506093037496882
2002-04-17,2.837165265589913,29.63728434026605,57.58384092456097,45.970308507815346
2002-04-18,3.235216572423241,18.563973153490643,30.128918764272285,19.293688144144312
2002-04-19,3.155723535777078,27.62133225353017,61.886703893899075,13.828067832365587
2002-04-20,3.1197913799281958,10.1456202788225,24.358027110857005,37.14552474781728
2002-04-21,2.8150994168480983,10.668145852302402,17.763229007560877,38.088468488230575
2002-04-22,3.4862678945712684,21.80559843457634,41.295045442400635,32.73544107283834
2002-04-23,4.066934123602269,16.228987910844012,70.57804229844352,20.50146180312624
2002-04-24,3.2032077468381033,14.965531340394005,62.142768735146426,21.838122416190654
2002-04-25,2.90341164922508,15.558707144179172,96.48820793397024,34.681729154468286
2002-04-26,3.377870144447271,16.36805869221175,64.64559113657225,20.918333693921298
2002-04-27,2.730433681623505,24.578953922868457,14.131404979592045,29.984848496037632
2002-04-28,2.6251548276485517,21.38391944461889,16.121821329251805,23.282973995383482
2002-04-29,3.0164043738068558,25.78071945118667,9.306714007783212,30.417527045385974
2002-04-30,1.7086016835150277,26.603931596701038,19.1173764997013,19.174555987577378
2002-05-01,2.423024818173995,26.85869718602564,59.795090067912106,17.922419132611328
2002-05-02,2.826019072039577,18.29288298349775,83.82864750148154,39.359933592516384
2002-05-03,2.323305570926143,18.425467926328217,89.38676520674574,25.429101494416262
2002-05-04,2.483678449053935,28.52531760281168,40.00438866850485,19.30264764658858
2002-05-05,2.7816258312709965,23.23527189208821,55.85830285872318,44.336816059286406
2002-05-06,2.1785173532346955,11.609343679582775,80.91995921508133,26.068019060807856
2002-05-07,2.796964101870084,20.843739081849364,31.20705211951691,14.634806610421908
2002-05-08,2.7323649177335776,17.12014519269814,59.56690044386951,38.321918553822094
2002-05-09,3.012702604192508,29.748699794327262,17.408251105366567,21.19887956966817
2002-05-10,3.5770920152470094,10.273108129245852,47.65403405180947,32.60968981436165
2002-05-11,3.086252208246433,22.243617461411162,17.307226036346833,34.94772161048637
2002-05-12,3.010531010671032,24.47246188797716,46.24263902991456,48.50297484367682
2002-05-13,3.049727228515356,15.778135427147104,39.68196917675796,17.644048024606683
2002-05-14,3.113696387560564,29.47283036513064,43.32648235004933,21.366882290813535
2002-05-15,2.4916306756951156,27.190732540434226,24.3712226106518,47.288793283132826
2002-05-16,2.9426123376146007,28.313056819716248,13.604334237850612,38.731716252560034
2002-05-17,3.1543756209183065,10.384641187030969,27.566532791988564,27.97323987900849
2002-05-18,2.3146200087284696,21.39744302629618,23.958003924390916,39.39093588917157
2002-05-19,3.4328264614079265,15.893004839090935,73.42962025844497,26.53540492838531
2002-05-20,3.540688017229095,26.98057269871326,71.6975072981546,26.402060855159128
2002-05-21,2.684312005775306,22.65699313829925,58.44829937642724,16.256670168964554
2002-05-22,2.8793311042734477,20.777540086422196,9.133379816877518,30.881929863711314
2002-05-23,2.5609048285949636,12.291763393512113,56.626185428003296,20.506576567401112
2002-05-24,3.3496902417939087,20.804456095723815,7.923702594059778,35.34373743813198
2002-05-25,2.469388856277045,22.638082927128533,1.8173019276237823,25.944247313574582
2002-05-26,2.88876149487854,29.11824618620409,35.25961151376558,44.148841309171935
2002-05-27,2.570540046096164,21.70102020847739,24.05449190638994,40.854503645220944
2002-05-28,3.0254771385056447,29.34801203491309,59.464768143304255,15.917329327742365
2002-05-29,2.1028853642551395,29.232122312133242,92.86424880696137,33.643678527424605
2002-05-30,3.6632308211828466,23.00400671667195,71.98520277711921,38.549624819352175
2002-05-31,2.517696787896868,20.118159682361775,76.7360861970987,30.57763646439302
2002-06-01,3.029947341558138,19.320434876520984,95.08931103706227,14.55789127963316
2002-06-02,2.8937384776148454,27.80757122231565,63.40910808965676,30.129895764957418
2002-06-03,2.618942744038751,10.565133659435135,57.773094140982565,27.315959586251907
2002-06-04,2.556109931682032,12.27616396047143,60.186797595270846,23.03017743945693
2002-06-05,3.4681992717762298,12.041434582383037,86.58052565674659,33.30142286184587
2002-06-06,2.73717970344903,25.138706502421094,38.809903520698505,22.99489331950564
2002-06-07,3.1355850923186557,16.793020477050696,79.5336225388004,19.422267480211623
2002-06-08,2.5992515573028125,22.75937089481402,65.22569349771614,39.43605101537524
2002-06-09,2.6764092840761196,22.07565807685131,30.45715507819634,18.53484085530169
2002-06-10,3.2361235750439246,17.716559394850634,1.3688410984091681,42.211530217273456
2002-06-11,3.4652042480555583,20.63135444484797,20.991999008691998,49.1664402487352
2002-06-12,2.91234179883649,22.902770671433203,69.99887646268611,27.64954865812637
2002-06-13,2.2890400641797815,28.819006597562765,57.969030974523484,42.49569543967467
2002-06-14,3.998978039875002,21.512681457219628,27.459469982028605,16.734709135592748
2002-06-15,2.5717253458828955,22.287350235366286,43.430247140102395,41.89214008803215
2002-06-16,2.2292063001641065,11.35711635407551,66.1148765581413,48.49868634134935
2002-06-17,4.297212293884076,29.04431629520224,12.708614048989697,30.680935766796118
2002-06-18,2.7979838530745313,20.561638558187724,43.22795808512164,20.228792168317575
2002-06-19,2.269133655869296,26.025468397198438,41.66242149819794,16.43305073106506
2002-06-20,2.658280116605659,11.005821262947782,54.260102012024056,46.66507317135458
2002-06-21,3.1837724480111347,18.41820271474182,52.191368021849506,22.98290154746777
2002-06-22,3.0951557787969697,15.139509183054031,36.77266850678495,29.880149235322637
2002-06-23,2.574135401373205,15.339517973771798,76.27336288125463,27.337262046873832
2002-06-24,3.91136180006398,25.82907459921859,6.722903999121376,27.408620818254292
2002-06-25,2.7392101610033133,22.477334505377073,3.5538472534346055,40.61033041804989
2002-06-26,2.407656704794224,18.79490623685696,42.02593395983754,47.406332772601104
2002-06-27,3.48034669923033,10.211714791727868,89.66942501708142,35.47098708912268
2002-06-28,3.664531423269841,29.298558858910596,27.756935052966913,48.285528897888526
2002-06-29,2.5912534511918865,29.240465067114478,17.230932469765314,17.61778674432135
2002-06-30,2.2993263534803448,14.351044205600768,92.82083943293762,32.55749106513587
2002-07-01,3.5152191337078023,10.826927446331133,16.822325458257026,37.42027941513564
2002-07-02,1.9763381934710191,20.603987260238043,37.484053671352555,38.59905318504627
2002-07-03,2.3866891703016924,29.02821629232815,72.90155103364921,40.23389804398819
2002-07-04,3.4837230750251176,28.2079169152987,26.092400847760178,23.326004065366583
2002-07-05,2.9723237259888053,21.693257277787932,22.98495277936813,45.28778318010356
2002-07-06,2.8680313257036563,16.070977013074142,39.76672339315541,15.268222498076035
2002-07-07,3.176408303247189,16.59921767538392,78.73648145968252,21.141428573960486
2002-07-08,2.9236127882272958,27.958271029720553,91.09833531625064,28.748560023065007
2002-07-09,2.350656638918455,19.83568071271154,3.129252790977377,33.67992370351408
2002-07-10,3.638037673003094,12.622324579342912,16.510812737192026,21.811367265716658
2002-07-11,3.6625070264434076,14.968509519472146,95.86012891469076,46.31302579805436
2002-07-12,3.10266628188898,15.535898029349982,59.279129154896836,28.073873260703625
2002-07-13,3.022567007716005,12.470933698638188,55.14102691538197,14.013493364627392
2002-07-14,4.169812403010029,19.260887630425827,81.35436792839947,42.762070631450825
2002-07-15,2.8617835774920812,28.321018165499822,3.9783298028444825,48.61815583003151
2002-07-16,2.8702115090829805,23.37565085984522,1.3836251172974823,23.853106003433794
2002-07-17,3.1822406246202526,11.449478484977123,96.74940497015918,32.185743383408706
2002-07-18,3.735660978071169,10.109896356183254,82.85706855726811,33.32282411151007
2002-07-19,3.796385377208742,15.524953349385086,74.73817815582686,42.06483675205525
2002-07-20,2.8707136841616143,17.253858695878808,15.570077014486671,16.073530954463017
2002-07-21,3.1541656229796726,25.534993380935518,47.660392304326,43.650162561201796
2002-07-22,2.3109582664679613,29.340110478607333,93.72935385658475,38.864380050052766
2002-07-23,2.8440119460418933,17.75134346847087,93.35995956239546,11.396803837648722
2002-07-24,2.5798548022603467,23.733800596337222,0.9247106979528796,32.676606850889335
2002-07-25,2.496584123850508,29.898038147059264,75.24914090061574,11.121350684358479
2002-07-26,3.840788358133664,24.913331677500288,0.6237766446710369,29.857597893441593
2002-07-27,2.6038566690969276,22.72379098171689,98.43017276705565,33.9765247127117
2002-07-28,2.7341970459942724,11.561497083566085,41.696720199569846,35.39518822516722
2002-07-29,3.1829243939584293,16.464304023894606,97.35187579800997,47.07514674750845
2002-07-30,3.648912633486793,28.267843169143138,36.774680903063754,21.882280754431353
2002-07-31,3.2405575631944177,14.020109633618114,29.31872905734214,43.78263438953982
2002-08-01,4.379677557010791,26.871807185464164,31.62919638346049,28.088848534816584
2002-08-02,2.9626660108744254,23.92647370161011,73.067906663859,36.67759438353795
2002-08-03,3.129358220114873,17.326487416615095,19.9672833930197,42.317736916905325
2002-08-04,3.137800336992028,20.58348539425313,86.40576917926506,38.961646636352484
2002-08-05,3.7175246933945774,20.85612937505627,59.05726936267423,41.82002355555751
2002-08-06,3.2536194755548076,24.281075701477725,96.99110259492697,35.442780288288
2002-08-07,2.9418851498064256,20.33111882198392,98.70849034861486,42.031224356197136
2002-08-08,2.5262557025465604,12.661519803683326,18.518200130214534,46.36053907094551
2002-08-09,3.122221727980816,25.469093430438253,95.57820535760177,46.17675366206326
2002-08-10,3.70067241564598,18.125449938122376,4.653848637918367,23.11552878016697
2002-08-11,2.794809103171065,29.261877804238544,2.786372412310567,48.878913094210176
2002-08-12,3.264471809208291,15.670275645860688,94.38645773285519,12.306679852482576
2002-08-13,3.123073894342422,15.261575605931693,96.23967374499934,34.656107737286696
2002-08-14,3.4317598291906575,16.67014791350365,14.724767267198969,29.808982308076825
2002-08-15,2.5976231296810655,21.44634031917251,44.24158153889981,19.21904280638052
2002-08-16,4.173323515263281,27.897394804019648,49.40925279881825,31.40592194319561
2002-08-17,2.3604194464858708,13.525632802800295,86.02812365183044,12.638186388003575
2002-08-18,2.8172244550069814,15.593575951984404,62.791724319616904,32.14856630361098
2002-08-19,3.469046270452823,21.633596862957237,77.45664242016154,44.178617674953884
2002-08-20,3.1483665862470565,19.0866848432303,48.5096845431291,15.638896502516033
2002-08-21,3.4149930795405514,18.946457745114508,64.84137022418282,23.01408746963487
2002-08-22,2.751948833008719,26.41468524192813,73.54093600258587,35.244930842071994
2002-08-23,2.9625975086598295,28.477566050227225,73.78812839173014,24.37205114748518
2002-08-24,3.0061159918194087,19.626139321397638,0.17378267846723805,26.600121085907293
2002-08-25,3.7846298072679523,23.747035908945477,9.99080737300606,23.53803592640081
2002-08-26,3.3452145121915247,26.021174220547877,36.3660441104416,29.306795824158435
2002-08-27,3.3983360541823355,20.367328207743277,6.11974471035418,24.927838149092203
2002-08-28,2.6710369537316025,15.886328179074706,38.2989702367717,15.769932929835013
2002-08-29,3.4844413192815256,22.761691954445674,38.95668484721922,17.952511847946965
2002-08-30,3.1127908317844017,21.702182006121184,92.02335372777397,13.169863600930505
2002-08-31,3.6945726578389637,28.03125639479221,56.70718548946909,28.706282708764007
2002-09-01,4.007030077459234,11.048140735397121,70.63512805336583,43.81615738034935
2002-09-02,2.8466171119864976,28.202627742669335,88.71986820862284,13.622043335407561
2002-09-03,2.796848434777469,20.688640563307192,44.212932064931735,36.34901990060673
2002-09-04,2.567977504448815,10.313522320998278,0.19621445973821983,26.8089264181401
2002-09-05,2.9282102441418396,16.89404357535576,28.533602462541374,44.85524086378948
2002-09-06,2.8089872755248084,24.486671277506396,81.4158700037487,24.532541833228763
2002-09-07,3.179752199785505,19.76866175871666,90.18411698000747,37.777735549278134
2002-09-08,2.927716591533132,29.60318074881985,35.150958111822106,25.964489061441157
2002-09-09,2.81920035960919,18.45220147662097,29.39912529790484,31.67793763951265
2002-09-10,3.5322925680639257,16.532704592520155,92.45052110687334,40.99782565769245
2002-09-11,2.531059884424274,26.433438688591362,35.107373598278,48.71428333797864
2002-09-12,3.2165539765756717,20.95813398716063,65.22451880766583,15.395497902648273
2002-09-13,2.7970291364057585,23.64653158125118,28.030923505056336,31.16388243476181
2002-09-14,3.3621842524349823,26.11404676077355,9.79187987907415,15.290745695375891
2002-09-15,3.692630773361115,23.428550922512407,50.12363117860134,11.220148805695151
2002-09-16,2.8484508732879634,18.44814989537329,92.32318371181675,39.9180248101284
2002-09-17,3.220516453636576,12.495928957886013,61.8640753927305,49.330852753765235
2002-09-18,3.08939643286659,21.60496333142601,20.882662478373437,33.8161313254512
2002-09-19,2.600288800228452,27.948666534585193,68.24295733676131,12.897305800180643
2002-09-20,3.1203937548709693,18.377848530368297,76.83611440976325,12.46911915646628
2002-09-21,3.144560252639406,28.21450469685681,32.07605619149588,22.581894546712373
2002-09-22,3.2064354102230874,20.07055639564804,55.920940143103856,25.23536241713449
2002-09-23,2.900800551589977,22.416831248849533,68.19531314673225,10.154659369640818
2002-09-24,3.047096150155073,26.659769521112857,16.035314538048816,43.707316125299954
2002-09-25,2.4261945275784322,21.29194219281443,96.41009397724625,28.74319065531121
2002-09-26,2.8209429622600717,11.81938678591127,45.125196144984194,49.82830728322069
