Vehicle ID,Timestamp,Latitude,Longitude,Speed,Direction
V711,2023-11-29 00:02:00,40.72270909173685,-74.0028597430818,107.29970205150744,52.3876921044766
V242,2023-11-29 00:03:00,40.7126522278034,-74.01099416761022,118.4509844012035,103.68965856070983
V901,2023-11-29 00:05:00,40.71773644087525,-73.99577789645414,58.002755454940115,355.2410745023699
V070,2023-11-29 00:07:00,40.71519033601247,-73.9967085485223,87.62964931327008,84.50655480504041
V398,2023-11-29 00:08:00,40.727761396369516,-74.02374744815188,23.76725739783398,37.34839546748323
V473,2023-11-29 00:13:00,40.70947897722651,-73.9996646609754,115.85446749009455,328.0292573101149
V542,2023-11-29 00:16:00,40.70542068219759,-73.98970724230041,45.70608725140347,113.3133308641656
V841,2023-11-29 00:19:00,40.713251658559386,-74.01707646900901,11.85967159765491,216.33806124457737
V305,2023-11-29 00:21:00,40.71714807957731,-74.02619540085387,72.7835269290988,48.875758412000884
V533,2023-11-29 00:24:00,40.71564790599135,-74.02913773113173,63.491647304285436,272.2001950815006
V929,2023-11-29 00:25:00,40.71219637505608,-73.99373336026213,33.549030166301044,279.1279067134735
V655,2023-11-29 00:28:00,40.721611310971,-74.01359495490429,91.38755356109185,136.08830588480433
V450,2023-11-29 00:29:00,40.723229775946464,-73.99742338089878,59.640447705967915,45.14544496744824
V391,2023-11-29 00:32:00,40.72054160609819,-74.01019081992808,35.51436724857196,100.38118327211855
V961,2023-11-29 00:34:00,40.71250143878364,-74.01922733119522,54.03744696516149,32.56021965613308
V942,2023-11-29 00:35:00,40.70663878876677,-74.0280550535502,15.541125154343142,71.17215231696436
V448,2023-11-29 00:35:00,40.71271790117731,-74.00901472314862,109.99521951406375,154.40342089421003
V508,2023-11-29 00:35:00,40.72160937561081,-74.01073604056964,102.53585302486165,281.2827228331669
V928,2023-11-29 00:36:00,40.70609874102273,-74.02172796452548,53.892024308610225,330.15670836006365
V174,2023-11-29 00:38:00,40.69784320483743,-74.02179930529671,102.8825108545252,223.64276519976292
V807,2023-11-29 00:38:00,40.691588235550974,-74.00440808233331,69.57958320146385,9.235159251603612
V517,2023-11-29 00:38:00,40.702756772877855,-73.98946850167435,17.309798789505038,95.94952244137441
V903,2023-11-29 00:42:00,40.70440870597158,-74.01053553100908,93.29637923280914,90.3681136962473
V329,2023-11-29 00:44:00,40.69857205091374,-74.00312742687534,38.195309984922154,248.71468606619646
V637,2023-11-29 00:45:00,40.71269943528131,-74.00654888184755,3.5328340039233863,124.80006277606036
V940,2023-11-29 00:46:00,40.71824144752358,-74.00804007872476,38.936063463249255,6.043938314243844
V334,2023-11-29 00:49:00,40.70455590878672,-73.99675565978042,60.05343283656739,136.8467743197796
V931,2023-11-29 00:50:00,40.719996681705375,-73.99773874291569,80.77897763020175,143.8907297769614
V437,2023-11-29 00:50:00,40.69471856073502,-74.01087091431712,25.60452256590507,206.06811424437288
V210,2023-11-29 00:51:00,40.710871581714564,-74.01698768456667,62.24734057914614,208.53273409829754
V677,2023-11-29 00:51:00,40.71507345950143,-74.00845081755577,96.22446041273483,128.3430637398949
V741,2023-11-29 00:51:00,40.713805812087294,-73.99937994633548,0.42128352534301694,37.198192971186714
V837,2023-11-29 00:54:00,40.723836939574625,-74.02070401735138,31.91679660534745,321.5208665345777
V900,2023-11-29 00:55:00,40.695659538839514,-74.00735809842644,19.671222017776735,291.19844180744224
V461,2023-11-29 00:56:00,40.70810689263721,-74.00447823024412,90.70169413196459,163.19169165833287
V120,2023-11-29 00:59:00,40.70619391406023,-74.0001643007309,53.95762785832869,270.7465300020735
V451,2023-11-29 01:00:00,40.71694091353794,-74.00710590502808,52.0117861406215,61.557352548613935
V532,2023-11-29 01:00:00,40.71007868243982,-74.00693024144444,16.186493707944823,182.72033958706766
V945,2023-11-29 01:01:00,40.7044781396585,-73.99274292040676,92.48354269227914,125.51873564085783
V029,2023-11-29 01:02:00,40.71970429024383,-74.0056945341896,54.944254241117314,182.0387727687979
V911,2023-11-29 01:03:00,40.71347634230067,-73.99922754083583,80.62478055852871,165.34578963099543
V610,2023-11-29 01:05:00,40.724293793833674,-74.00772482317107,60.041849179544364,224.30375985027496
V749,2023-11-29 01:05:00,40.72489850126411,-74.0100547245714,19.37779538201985,204.23512388740232
V873,2023-11-29 01:06:00,40.722487443931115,-74.01124939422914,6.664372245080026,29.445507257528554
V568,2023-11-29 01:08:00,40.71477181055197,-74.02905166855044,7.528381358149523,304.1190285850749
V575,2023-11-29 01:11:00,40.720978618311854,-74.01013803989049,60.29181160620255,182.1984098995283
V930,2023-11-29 01:12:00,40.70568959403209,-73.9993364545775,104.86803027175856,238.32689849900228
V690,2023-11-29 01:13:00,40.72694874135922,-74.00122191437383,67.86706046987567,14.899612034657078
V347,2023-11-29 01:14:00,40.71803261738688,-74.01533316240227,83.35759816486758,295.4460095861711
V980,2023-11-29 01:15:00,40.71560057860038,-73.9921581327542,45.34742795616228,89.25724405418919
V410,2023-11-29 01:15:00,40.71767972682663,-74.00672238758672,22.932144073820055,62.43469677420228
V324,2023-11-29 01:18:00,40.7330347194977,-74.0004303587942,51.784526541790086,359.3988154072949
V296,2023-11-29 01:19:00,40.69697314358197,-73.9982053946874,32.007233185921315,186.17024575936267
V346,2023-11-29 01:19:00,40.70078798480983,-74.01207887446282,108.60550423671124,236.71813892940372
V828,2023-11-29 01:19:00,40.71877212504403,-74.0187851384052,112.73655093249867,137.1072033283606
V062,2023-11-29 01:19:00,40.72172473887332,-74.02311970164094,113.36268518309616,234.74466063690042
V653,2023-11-29 01:21:00,40.71521203964219,-73.99844950319743,19.052189818991717,285.6692446109371
V515,2023-11-29 01:21:00,40.712814710002455,-74.01289048429418,57.920387472475305,306.7439258524372
V186,2023-11-29 01:21:00,40.71740814477149,-74.00183900365585,58.71024357713205,268.2983807200044
V824,2023-11-29 01:22:00,40.70477746828269,-73.99390162777816,45.77523362218075,40.40365042448789
V297,2023-11-29 01:23:00,40.722405572244575,-74.00416571353333,77.95935107860498,141.0172767264857
V175,2023-11-29 01:28:00,40.73806368240356,-74.03432011869909,28.37468557907268,294.69461202165706
V750,2023-11-29 01:28:00,40.69873895228609,-74.0016606103177,102.41428164372559,97.72755489719793
V727,2023-11-29 01:29:00,40.71362611032156,-74.00377094180375,110.6376142461493,322.57881053886643
V826,2023-11-29 01:29:00,40.72577342089093,-74.01553804420273,57.68204313430197,74.66075480948761
V079,2023-11-29 01:30:00,40.71494965590626,-74.03716856591599,66.8063330369906,177.74422684942692
V861,2023-11-29 01:31:00,40.72097977607255,-74.01566931088456,11.748351859759447,308.77367588470815
V024,2023-11-29 01:35:00,40.721099861590815,-73.98611268081405,96.51995017445596,279.67454635077326
V850,2023-11-29 01:36:00,40.69435298836372,-73.99027669682465,63.18186658994995,290.15661673053233
V583,2023-11-29 01:36:00,40.71118626463722,-73.99271039252447,5.10301050310904,333.1082427029904
V198,2023-11-29 01:37:00,40.71358211181092,-73.99577607677558,92.5973747968824,10.643306445434169
V887,2023-11-29 01:39:00,40.7130185735822,-74.01049037141448,0.25006545162958194,89.1632678702256
V096,2023-11-29 01:40:00,40.72345315492098,-73.99986673773671,9.80267251116465,68.26102896184415
V586,2023-11-29 01:40:00,40.73512016389525,-74.00125992132723,98.76747091650645,219.75957094598238
V090,2023-11-29 01:41:00,40.707610997955754,-74.00714335159873,105.63863179972442,215.23508808052708
V956,2023-11-29 01:41:00,40.710245292138126,-73.99085117706107,54.52224916287839,310.3665589395926
V856,2023-11-29 01:42:00,40.70724014968121,-74.0091746221716,29.321355391999976,282.66559570093284
V251,2023-11-29 01:43:00,40.71003177005226,-74.00611135627341,104.07690116095687,183.44233031197507
V919,2023-11-29 01:43:00,40.70751329341065,-74.01637029343848,33.073036815590314,172.12966542266173
V421,2023-11-29 01:43:00,40.7152676602398,-74.03319679364323,76.03121231439594,344.94889361671784
V015,2023-11-29 01:45:00,40.718089436184165,-74.01253284701927,73.24015231893516,20.262076968121804
V708,2023-11-29 01:48:00,40.716622027877854,-74.01460128876292,103.0561487397653,215.26055806907954
V858,2023-11-29 01:48:00,40.714634502535816,-74.00279000533816,95.98286103861933,125.76461874669185
V332,2023-11-29 01:50:00,40.72685365438725,-74.00684223296527,12.477851185977173,128.3524290146104
V949,2023-11-29 01:50:00,40.70882087901409,-73.99546560251369,35.82680938773249,8.940244189049235
V195,2023-11-29 01:51:00,40.711517580259724,-74.008815754308,20.989836582831142,140.98019498287516
V403,2023-11-29 01:51:00,40.71902519140305,-74.021422881508,48.20405718242356,281.2241550846453
V588,2023-11-29 01:52:00,40.726474149824604,-74.00638905306664,89.11738223446183,31.891560768648688
V469,2023-11-29 01:54:00,40.737312297190755,-73.9993043765949,108.93907739416309,208.8450886243377
V832,2023-11-29 01:55:00,40.70273634478322,-74.01297073072361,54.17380191326992,108.3958046384448
V541,2023-11-29 01:56:00,40.71778726958312,-73.9996561332681,37.745683640137116,61.541839521937135
V053,2023-11-29 01:56:00,40.70480577600457,-73.9928486233428,6.24357744060509,149.64186832767277
V153,2023-11-29 01:59:00,40.69641192692878,-74.00615005087032,32.98679855031084,72.78381776058896
V783,2023-11-29 02:00:00,40.72841279598956,-74.00514156894657,30.20562772859462,208.0696594439988
V010,2023-11-29 02:00:00,40.71163770299613,-74.0160266858737,33.109646616774896,107.51667634075213
V823,2023-11-29 02:02:00,40.69482835384605,-74.01136270144087,77.11316383743605,236.58234747144687
V110,2023-11-29 02:03:00,40.70425838739186,-73.9986981646887,39.78837650253334,292.4514129781773
V039,2023-11-29 02:07:00,40.71136420488284,-74.0140871753198,7.969050176251509,97.84151693397695
V253,2023-11-29 02:09:00,40.71106536102927,-74.00099983304143,61.00479771118557,233.92470841503507
V577,2023-11-29 02:09:00,40.713852321370595,-74.01527362928073,64.47854062835444,150.86382889692854
V381,2023-11-29 02:11:00,40.709550650416794,-74.00361318429069,86.65554594600356,16.60932710451317
V264,2023-11-29 02:11:00,40.7192796779101,-74.00727067162839,41.068956984553516,285.3613267021401
V390,2023-11-29 02:14:00,40.71626494442007,-74.0019070500336,31.504385409378727,22.31177258671081
V868,2023-11-29 02:20:00,40.71153430668361,-74.01605144430957,33.034534246867864,180.82406035295472
V922,2023-11-29 02:22:00,40.70671708849919,-73.98262590338521,73.13151501374422,250.11562057700021
V713,2023-11-29 02:23:00,40.69595482744575,-73.99713706805379,96.82491762835366,257.3886592501585
V021,2023-11-29 02:23:00,40.70914448910014,-74.00808285103095,72.88878680542295,236.7299651069356
V670,2023-11-29 02:23:00,40.69807677071534,-74.01692896606326,87.496669243471,121.52091783823003
V476,2023-11-29 02:27:00,40.69535812243446,-73.9867419426254,69.96847233453022,321.7384546281841
V934,2023-11-29 02:27:00,40.696382967711905,-74.00817163115724,23.805508390925645,173.11277424573092
V996,2023-11-29 02:30:00,40.725871838450814,-74.01771190335434,50.9236904478233,271.0658022507903
V034,2023-11-29 02:30:00,40.72669145315678,-74.0027637423539,119.32498016603262,346.5044259453948
V822,2023-11-29 02:31:00,40.71270342763467,-74.01127091610223,52.842613466286736,278.7617787710278
V908,2023-11-29 02:32:00,40.69962825211194,-73.99903349345664,63.46968129615015,58.60355379240153
V681,2023-11-29 02:34:00,40.70556071295942,-73.9986640513177,96.26889986798184,34.080596247264246
V455,2023-11-29 02:35:00,40.712407320089625,-74.01176241816226,76.41296126736805,239.87907824247137
V830,2023-11-29 02:35:00,40.73081213990809,-73.99810095058214,39.83653087707799,340.6343254780086
V073,2023-11-29 02:38:00,40.71441559267238,-73.99956368724547,47.62866465090396,133.48598717568342
V795,2023-11-29 02:39:00,40.71421806639154,-74.006832883957,36.91132609412406,132.23470160702044
V687,2023-11-29 02:40:00,40.7109624426975,-73.99997836510424,82.50107673959502,27.226472748054128
V534,2023-11-29 02:40:00,40.70970622407117,-74.01442571701713,15.872237086127674,80.65238291712257
V243,2023-11-29 02:45:00,40.709795212144144,-74.02026937685427,23.416639471132797,304.66977721060067
V755,2023-11-29 02:45:00,40.71392737941236,-74.0018608632989,88.04476826791081,17.0118426230842
V431,2023-11-29 02:45:00,40.72050836960405,-73.9910228497268,51.94787875875572,269.76126615077766
V643,2023-11-29 02:50:00,40.71792916846828,-74.00304220911494,100.36735707536322,228.14350723476616
V704,2023-11-29 02:51:00,40.706718987430484,-74.00603762817146,23.43810268477546,56.52506584635177
V549,2023-11-29 02:52:00,40.739605708407694,-73.99663204783747,75.24697532135015,263.8459011940999
V722,2023-11-29 02:57:00,40.71587264780506,-74.00774006837509,95.86587441402794,18.145833232800165
V660,2023-11-29 02:58:00,40.70744085438334,-74.01750692004256,89.63232330210684,83.90758543874169
V706,2023-11-29 02:58:00,40.73216712462403,-74.00619322791971,91.65890847251066,335.98755118155685
V220,2023-11-29 03:00:00,40.69729985810642,-74.02089933008222,7.146234481221132,338.7113655902775
V652,2023-11-29 03:01:00,40.712447032603976,-74.02605125426652,13.23359381914667,318.71501868992203
V661,2023-11-29 03:01:00,40.717107711349456,-73.99999394798267,58.52950208033855,95.2207313076609
V002,2023-11-29 03:01:00,40.725778252669734,-73.99400263823586,63.34463046553597,105.61280970816271
V193,2023-11-29 03:03:00,40.72104557219564,-73.98703817771367,112.71653516297347,174.60932129985497
V629,2023-11-29 03:04:00,40.721305306835234,-74.0186149174679,59.90182014620346,135.14011883648365
V785,2023-11-29 03:04:00,40.70620057294898,-74.02006459655104,29.972507222968616,290.9278199207093
V958,2023-11-29 03:04:00,40.69631953793634,-74.0039193047037,19.344992671460524,2.5532728214420164
V849,2023-11-29 03:05:00,40.71293748487336,-73.99518944055913,2.866601423858599,44.01084028747367
V402,2023-11-29 03:06:00,40.70417506700275,-74.00599100073329,103.01044817785922,172.8156357374073
V116,2023-11-29 03:08:00,40.71469499637548,-74.00352293621533,101.50663762959891,151.533743068763
V789,2023-11-29 03:10:00,40.71740794327702,-74.00996123197751,93.72523292695614,323.98822997958086
V924,2023-11-29 03:13:00,40.70145688406278,-74.00936273859085,24.257450350374498,9.984803871391033
V808,2023-11-29 03:13:00,40.694411533962416,-74.01588096687969,87.34355694596043,83.51356801409503
V004,2023-11-29 03:13:00,40.740393551140215,-74.00957579031969,89.01463621484407,33.84859698591423
V616,2023-11-29 03:17:00,40.72827031496991,-74.00259975401741,0.9795320935931118,0.5989045237237223
V654,2023-11-29 03:18:00,40.72407783630128,-74.01996535237573,17.193349377818443,162.17415903868158
V578,2023-11-29 03:19:00,40.711883405919,-73.99711661138004,92.30708206739692,283.42743357182337
V606,2023-11-29 03:23:00,40.72229405523793,-74.00819772985713,56.6735977278243,299.5052617969673
V740,2023-11-29 03:25:00,40.71942074289,-74.01193520317348,62.48591925823861,272.3906145668936
V286,2023-11-29 03:25:00,40.72049430178178,-74.0003294178748,83.13765152642156,261.5215985486423
V027,2023-11-29 03:28:00,40.71292231983639,-74.00581372629338,4.818602644095322,239.19299196801526
V545,2023-11-29 03:28:00,40.71967881391175,-74.01849338514862,56.22957196593362,344.0456599301351
V847,2023-11-29 03:28:00,40.68842435640801,-74.02127631948179,89.5323444111154,311.47416949292233
V943,2023-11-29 03:29:00,40.71746290043551,-74.00152130335889,57.524646691023364,61.05225405275224
V613,2023-11-29 03:30:00,40.71923054545339,-74.00473431198469,85.67207599337418,186.84271936006826
V593,2023-11-29 03:31:00,40.70067132183791,-74.01621913324426,31.86092665608241,177.30219217791233
V414,2023-11-29 03:32:00,40.73570467070531,-74.01784887444572,53.91971963702546,104.07906717495938
V267,2023-11-29 03:33:00,40.72150961782172,-73.99846134316438,9.418372408831136,175.01835483275227
V809,2023-11-29 03:34:00,40.732467639719346,-74.01105340721898,6.364704774811063,93.33387251642944
V322,2023-11-29 03:36:00,40.698744399526085,-74.01222225471756,14.426000062543194,263.2437665946976
V141,2023-11-29 03:36:00,40.708787021948666,-74.00274200386359,92.24830427697256,177.76817101261489
V319,2023-11-29 03:36:00,40.7069077101349,-74.00267201782596,74.91600687392145,68.71474110627155
V126,2023-11-29 03:36:00,40.71661416254209,-74.00955494774608,71.61624212457855,50.675369892225696
V544,2023-11-29 03:38:00,40.71697043502968,-74.01457670204576,101.12194837589988,53.23807872233882
V754,2023-11-29 03:39:00,40.7174830490769,-74.00502749123022,107.06378533110423,106.46138832780612
V013,2023-11-29 03:42:00,40.726813448312924,-74.02778931520194,107.99310442989662,13.639534484449602
V123,2023-11-29 03:45:00,40.71502463164009,-73.99623962474631,7.643726220088896,262.83959000102215
V387,2023-11-29 03:46:00,40.72588668752352,-73.9879953723754,81.43657424345183,47.691731838457
V067,2023-11-29 03:48:00,40.71820773585301,-74.01370784300707,57.24891563183884,347.1085071024485
V101,2023-11-29 03:50:00,40.72949250806377,-74.01816076580747,90.99070124357026,241.65200678647687
V562,2023-11-29 03:51:00,40.711580550724,-74.00027372982795,71.19439735248665,50.5041472441781
V746,2023-11-29 03:51:00,40.71194385045769,-73.99868706379159,76.18771980953798,28.10429009995444
V813,2023-11-29 03:51:00,40.722141797485,-74.00210997859347,98.11472630123045,25.074265918817243
V003,2023-11-29 03:55:00,40.71761115126389,-74.00143846964173,80.58188702795788,4.252909381727559
V326,2023-11-29 03:55:00,40.71639249156514,-73.99946962716594,71.9789499991227,0.7651421339499853
V344,2023-11-29 03:56:00,40.717880679093916,-74.01573375967557,21.069297510554478,95.68129773191382
V014,2023-11-29 03:56:00,40.70869618206342,-74.0122965042694,40.572338990350865,71.61624155775051
V199,2023-11-29 03:58:00,40.7268454551494,-74.01098211618586,54.87469332948524,77.66080189549582
V157,2023-11-29 03:59:00,40.720116589270305,-74.00143836388645,1.8427123877454976,59.441748628197274
V528,2023-11-29 03:59:00,40.72057604137903,-73.99628029706135,47.89346718432348,254.54611881564512
V466,2023-11-29 04:01:00,40.707567490566156,-74.00119030149965,56.24568006919502,18.309509689561597
V892,2023-11-29 04:01:00,40.70229346163413,-74.00130627774661,18.28430374831106,319.1384766200839
V607,2023-11-29 04:03:00,40.71116745051167,-73.99699276094911,11.00026810464759,217.06620789914783
V729,2023-11-29 04:03:00,40.712989221038825,-73.99949915485628,50.44245713246508,64.47006662636409
V376,2023-11-29 04:03:00,40.719051186564336,-73.99116871372026,102.68823144957061,33.245739122476394
V373,2023-11-29 04:04:00,40.71024042330786,-74.01059626442269,78.3560381096978,45.10691389925797
V404,2023-11-29 04:07:00,40.70648808058253,-73.99737851943115,13.904419831265727,97.97251366487998
V835,2023-11-29 04:07:00,40.71287617498318,-74.00499435796903,48.5610980397451,207.58443742799906
V890,2023-11-29 04:15:00,40.7137244773547,-73.99325955462054,38.99466519905089,268.0067066571851
V105,2023-11-29 04:15:00,40.72713352502882,-74.00359943070703,26.155224916896405,144.90543491820043
V484,2023-11-29 04:17:00,40.71142160821404,-74.01109005838592,59.57279368032478,178.13344827289637
V475,2023-11-29 04:18:00,40.708312329868946,-74.00826122469763,66.5572301502261,207.82980004609576
V987,2023-11-29 04:20:00,40.709413178145546,-74.01275891694002,60.36117986640972,48.40178134800056
V166,2023-11-29 04:21:00,40.70972308722633,-73.98893531752739,59.912442781551405,214.67985976424922
V173,2023-11-29 04:21:00,40.71984111022142,-74.0066366148879,118.2185619742089,265.184619839049
V222,2023-11-29 04:23:00,40.7270615875202,-74.0128440155614,7.413488368176235,56.08681358670141
V436,2023-11-29 04:25:00,40.720547283190676,-74.01228557580245,88.30815304612574,66.1694237654845
V831,2023-11-29 04:25:00,40.714952404676396,-73.99497717435412,100.58466834489519,93.30476053684768
V380,2023-11-29 04:26:00,40.69982620344043,-74.00964169808915,98.88744096743905,169.3639275672677
V744,2023-11-29 04:28:00,40.7347089801324,-74.0081653287185,91.3128363037332,180.98565004840992
V323,2023-11-29 04:29:00,40.70930217819889,-74.02122768090504,98.57283565189279,254.7575019135997
V751,2023-11-29 04:32:00,40.69675261470139,-74.0078359076347,73.77782663270497,215.09984723801404
V984,2023-11-29 04:32:00,40.713460602617864,-74.01001570675513,83.39420253348814,225.31914910709577
V647,2023-11-29 04:33:00,40.709240485069536,-74.02162014341829,73.37072831934775,92.89610789854241
V340,2023-11-29 04:33:00,40.7182100821996,-74.01143694029683,100.41691625738989,287.089899640772
V685,2023-11-29 04:33:00,40.71218256698542,-73.99257646308742,80.65965318376435,171.63550278258515
V462,2023-11-29 04:37:00,40.72155695678779,-74.00974126320264,39.97801219609975,307.8367389015977
V851,2023-11-29 04:38:00,40.7091888686526,-74.00942492190251,101.73658570628074,351.48665695949285
V601,2023-11-29 04:40:00,40.72197221542116,-73.99455446464715,50.72666309881088,184.45747766490769
V154,2023-11-29 04:42:00,40.705466871924166,-74.00713411630643,89.69327923968913,312.5809423663215
V365,2023-11-29 04:45:00,40.70322852526849,-74.00138531122559,102.31471298556906,162.62161569121238
V485,2023-11-29 04:48:00,40.71305385604406,-74.00484334925953,71.9295741381351,96.21613414055106
V028,2023-11-29 04:48:00,40.72849259614536,-73.99545675025097,90.30877446200877,202.73556722255083
V674,2023-11-29 04:48:00,40.702165670618456,-73.9936585596422,34.0342974637166,241.5459652648245
V080,2023-11-29 04:50:00,40.71377219232003,-73.99955547966589,28.20162744425629,212.84350081356666
V394,2023-11-29 04:53:00,40.714139129226155,-74.01818683829977,59.9545454881129,128.04272323226866
V794,2023-11-29 04:53:00,40.729759695330145,-74.01278329837874,39.939714595775385,22.049872596606974
V205,2023-11-29 05:01:00,40.72044497453034,-74.02972193871513,60.22036040844609,341.5100256051424
V752,2023-11-29 05:01:00,40.72738714749676,-74.00274801285313,7.677871462378394,235.54678813123996
V554,2023-11-29 05:01:00,40.71756031383438,-73.99184343773825,9.800551810018412,59.0141040577511
V626,2023-11-29 05:04:00,40.7137600420497,-74.00883397774456,60.321029693220375,22.262715214673683
V359,2023-11-29 05:04:00,40.71439250468374,-74.01962940947207,85.39432049389791,301.9670202239902
V673,2023-11-29 05:08:00,40.69482544195633,-74.01484014729748,79.41444548517663,265.5357462604356
V686,2023-11-29 05:12:00,40.708331637463374,-74.00402146690433,38.898188993540145,297.05320486269284
V921,2023-11-29 05:12:00,40.70539133295796,-74.00504588124173,30.612999428086024,289.25908969403565
V702,2023-11-29 05:12:00,40.72609141282746,-74.00004576843236,56.886678703901836,107.76844920482056
V320,2023-11-29 05:13:00,40.70831534993796,-73.99586249452501,119.13841293571406,284.9014939527994
V797,2023-11-29 05:15:00,40.716357035157245,-74.00134410809105,107.3843087619478,186.76626612991376
V112,2023-11-29 05:16:00,40.70386425597686,-74.00217401863277,47.811805582702775,298.5845085519799
V793,2023-11-29 05:18:00,40.73768441614331,-74.01337185169571,1.9563839359569046,258.1731453864684
V630,2023-11-29 05:19:00,40.70440875809401,-74.00085995820184,53.74171156038062,46.60902808264544
V051,2023-11-29 05:23:00,40.717210329072735,-73.9925737798949,53.71684111498541,174.1578380820992
V291,2023-11-29 05:24:00,40.723190964403784,-73.99496496233272,95.83424959493935,304.4662682969266
V875,2023-11-29 05:28:00,40.70517638463272,-74.01699970807569,59.09126673087965,309.61084960628784
V285,2023-11-29 05:28:00,40.71117781552424,-74.01196670855538,32.1394727032327,178.5994763766506
V007,2023-11-29 05:32:00,40.715556006739845,-74.00589814481287,52.33317841142616,265.67765260696706
V878,2023-11-29 05:35:00,40.70532526821935,-74.01233988659317,61.5968807887083,174.38224986844986
V587,2023-11-29 05:36:00,40.71175020298981,-73.9987282512998,22.71032474375633,164.16253468713106
V429,2023-11-29 05:36:00,40.717373096467206,-74.01081392624047,13.673673838899486,316.3504503838233
V689,2023-11-29 05:37:00,40.69967150325451,-73.98625900051758,93.64315088487886,312.07208257974975
V313,2023-11-29 05:38:00,40.72325023375503,-74.00832294007186,69.88941173586963,61.59193836916211
V492,2023-11-29 05:39:00,40.68745445537916,-74.01275703143372,96.95321075071597,187.67976082465282
V798,2023-11-29 05:39:00,40.70802713729597,-74.0147215839777,4.862008337363597,277.956873416094
V658,2023-11-29 05:40:00,40.72692151698299,-74.00202434784383,53.641868278156785,347.37772509524416
V600,2023-11-29 05:41:00,40.709865149451105,-74.01743641395842,77.98804286439973,135.49311237375613
V336,2023-11-29 05:43:00,40.718274805721045,-73.99587866810178,1.1691918285162295,321.6261695456356
V011,2023-11-29 05:45:00,40.703325114050934,-74.01576895386735,64.20654685314602,2.3663799542197594
V033,2023-11-29 05:46:00,40.71505581663569,-74.00582484386722,27.185463875501632,147.57049484917812
V734,2023-11-29 05:47:00,40.71868742406808,-74.0030652860235,90.48485273004864,247.3004663929864
V238,2023-11-29 05:49:00,40.71526602186262,-74.01694240953034,45.48817725385531,274.65384168780065
V693,2023-11-29 05:50:00,40.717228461137466,-74.00294679244988,33.59342143807931,160.50771677968808
V025,2023-11-29 05:52:00,40.70783897666018,-73.99482716534312,29.47623747309258,108.28038769612789
V584,2023-11-29 05:54:00,40.73074448805225,-74.00382096612879,51.90548509895761,169.34397451952867
V511,2023-11-29 05:55:00,40.714727289965,-73.98690657374443,75.73479252621597,351.4034080109399
V160,2023-11-29 05:56:00,40.71943258089679,-73.99057203661707,62.005873118585455,149.44351138837217
V443,2023-11-29 05:58:00,40.72165187541209,-74.01154131247084,95.67642026409645,8.888724091306548
V966,2023-11-29 06:00:00,40.71792717523473,-74.02195777611442,53.80859335035932,140.55225895921367
V917,2023-11-29 06:02:00,40.72701975559293,-73.9969081150467,9.402106109917217,179.99922107929498
V521,2023-11-29 06:02:00,40.7304126612742,-74.01535127209438,101.44847214104806,38.83075194065733
V310,2023-11-29 06:03:00,40.69538977191641,-74.0109321438711,4.6834965700315045,104.11506437575052
V695,2023-11-29 06:04:00,40.70935803543533,-74.0035538963867,81.26436543112482,165.28050836161756
V069,2023-11-29 06:06:00,40.71230675929853,-73.99896414445357,69.86246196949081,122.14523864746414
V540,2023-11-29 06:07:00,40.71426304446001,-74.01486879603871,7.407357469398845,257.8665932549667
V976,2023-11-29 06:08:00,40.71335492225444,-74.01572317918027,3.3252899397768276,21.34941613119971
V612,2023-11-29 06:10:00,40.713240222761755,-74.02148796137003,105.651285445943,64.08633076423638
V177,2023-11-29 06:10:00,40.71111785777233,-74.00730620395996,51.73981571331729,7.659841449722795
V571,2023-11-29 06:10:00,40.704247595427496,-74.00682343646791,48.93923911728923,291.0469223858545
V480,2023-11-29 06:11:00,40.70091575578417,-74.01619251149505,86.5931401501583,137.38558650071838
V236,2023-11-29 06:11:00,40.71204349529412,-73.99520068782857,41.965462167366894,126.90991139012384
V596,2023-11-29 06:12:00,40.701217968148164,-73.99957789056671,49.228640996012146,150.0491904230605
V351,2023-11-29 06:13:00,40.71782328240075,-74.00977546919059,58.608659903095656,20.01616731693322
V926,2023-11-29 06:13:00,40.70988958536727,-74.0065728119979,11.776650459554109,22.095312685405034
V433,2023-11-29 06:13:00,40.71670364943509,-74.02399771181467,69.90426858553761,226.4132043836697
V260,2023-11-29 06:13:00,40.71869703605575,-74.0002738664696,53.70115747466195,10.438153193385533
V393,2023-11-29 06:14:00,40.713849071650856,-74.00100353044888,32.755001081763886,107.87266951832879
V608,2023-11-29 06:14:00,40.71193544717289,-73.99708635893647,75.3803589276547,160.81621655300566
V147,2023-11-29 06:14:00,40.70236870501965,-74.01366327598964,52.736819176180504,151.64204795809354
V621,2023-11-29 06:15:00,40.72867761523746,-74.00166881270552,64.19397809938086,59.31536513580165
V957,2023-11-29 06:16:00,40.72965792302659,-73.98995673680584,89.69682941791999,238.60340259147108
V561,2023-11-29 06:17:00,40.712932397676674,-74.02219684565372,111.6655888994472,326.371074378633
V683,2023-11-29 06:18:00,40.70483224693694,-74.01497409503631,96.2938386830834,324.60875407532683
V095,2023-11-29 06:20:00,40.720339914669786,-73.9904488596794,35.509456879032875,229.69505100803403
V992,2023-11-29 06:22:00,40.702163044089744,-73.99936034924474,96.61789592573221,275.3471943942715
V125,2023-11-29 06:22:00,40.71378377906816,-74.01929891861334,101.93822987791371,318.30308670845744
V753,2023-11-29 06:23:00,40.734331197925705,-74.03193388564742,76.95046327700408,261.2128650519516
V739,2023-11-29 06:27:00,40.734511649493186,-74.01475154748914,52.80759976295678,99.42372225995783
V599,2023-11-29 06:29:00,40.73020629445895,-74.00786690922115,35.47818552628866,76.34816736796182
V036,2023-11-29 06:29:00,40.70973234223973,-74.00620129103878,19.236626043051945,155.41619905819164
V682,2023-11-29 06:29:00,40.7016037176632,-73.98588135736874,70.35636126018659,279.7699106917702
V935,2023-11-29 06:34:00,40.71555666549341,-74.00463968782626,110.43106950764304,152.20022144195997
V030,2023-11-29 06:34:00,40.72076672108365,-74.00636883530845,100.25512733723569,63.81188839811229
V765,2023-11-29 06:34:00,40.70286638624577,-74.0075730528828,49.18120340302096,243.02805822680375
V529,2023-11-29 06:34:00,40.71244257266452,-74.01793257833474,65.03381291853795,222.31272344669972
V229,2023-11-29 06:35:00,40.71519867105896,-74.00900006659012,52.18483552399235,84.7632531679977
V833,2023-11-29 06:35:00,40.71097095019143,-74.00392665953954,41.80636624130758,105.30915001212561
V031,2023-11-29 06:36:00,40.70622073907463,-73.99330235249685,55.85831609232096,83.03346835379823
V184,2023-11-29 06:37:00,40.70677668146417,-74.01908763514238,101.87107545148007,191.8317811336795
V645,2023-11-29 06:40:00,40.70311917882336,-74.00354383572098,14.92647199692322,180.72883022403633
V507,2023-11-29 06:41:00,40.682853871397725,-73.99707291847126,66.44569891083292,262.2193063524018
V375,2023-11-29 06:41:00,40.70497633033098,-74.00273624910272,1.844988749970775,12.395262886853114
V200,2023-11-29 06:43:00,40.71426440770478,-74.01031414341105,15.919434661503843,187.44682799297337
V035,2023-11-29 06:43:00,40.73294060154919,-74.00933790960353,40.10131233232424,199.0160480484096
V523,2023-11-29 06:46:00,40.70654972609316,-74.00201703913802,79.04705970182019,119.51998025962557
V902,2023-11-29 06:47:00,40.7176701532598,-74.01017429456343,59.20782124949608,173.1446942719137
V757,2023-11-29 06:48:00,40.70632946473617,-73.99930607528607,79.81119169142426,348.9457632728432
V137,2023-11-29 06:50:00,40.718871116719164,-74.00723649625893,39.64237896720208,158.8887442079369
V703,2023-11-29 06:52:00,40.7123165537622,-74.00155146561814,80.11440826611818,168.85535303852038
V047,2023-11-29 06:53:00,40.70874058272812,-74.00182146296783,20.79179444110735,235.68632556266738
V701,2023-11-29 06:56:00,40.714458635226535,-74.00049211385897,26.126961525969897,33.619117738634586
V065,2023-11-29 06:57:00,40.71508053325124,-74.00680811612943,49.964066699779366,147.01068113815538
V967,2023-11-29 07:00:00,40.713485992274805,-74.00730223166467,102.74150114805673,309.41565665696976
V495,2023-11-29 07:00:00,40.70799750965005,-74.01107036632125,76.328340864864,150.96635702451846
V086,2023-11-29 07:01:00,40.70487884979435,-74.01486614260057,25.59384048467659,224.70526075958688
V709,2023-11-29 07:01:00,40.71485086625232,-74.02589269466161,26.96878057089969,254.86405819950642
V353,2023-11-29 07:06:00,40.7144066118982,-74.00257572648714,86.0421562718569,16.653051923982737
V447,2023-11-29 07:08:00,40.70953439022321,-74.02231219507654,19.29915219319518,232.59871215007396
V213,2023-11-29 07:10:00,40.714866905117084,-74.02252803642253,51.85999261701405,332.8214787368193
V419,2023-11-29 07:11:00,40.69449971449572,-74.00191925350654,62.64578959113394,39.459244417196196
V558,2023-11-29 07:12:00,40.71033206442211,-73.99463611922461,45.773473654166224,147.0338282026729
V756,2023-11-29 07:14:00,40.71937267690305,-74.00799280054915,13.824276920734713,308.6177932608173
V817,2023-11-29 07:14:00,40.70938321902404,-73.9984897469581,74.56250845103301,312.78596532477405
V458,2023-11-29 07:15:00,40.692994344089314,-73.99941197858308,67.6724731954076,318.72079868074576
V678,2023-11-29 07:17:00,40.7289424954728,-74.01378675472658,52.617209879356395,193.77296999530876
V088,2023-11-29 07:17:00,40.701951439405384,-73.99540193705066,6.3383877119996335,142.6309591415911
V262,2023-11-29 07:19:00,40.69317267990859,-74.01109595132947,87.42968516181325,258.7893042631708
V188,2023-11-29 07:21:00,40.711474319853465,-74.00477468682347,65.4241436598011,60.798014221980935
V388,2023-11-29 07:25:00,40.71254201441746,-74.01795103773463,84.26540546469172,354.3846689622016
V136,2023-11-29 07:27:00,40.72218746875682,-74.0011665814822,41.710003585922095,91.85617886621033
V255,2023-11-29 07:28:00,40.72672518449434,-74.01228980707592,81.49799954009822,25.640086011080847
V471,2023-11-29 07:28:00,40.71159593361336,-74.01326365832186,12.040480093882175,330.5092285219133
V668,2023-11-29 07:29:00,40.71179606496599,-73.99678065195775,61.29396458333476,1.785816564868945
V170,2023-11-29 07:29:00,40.71779498233469,-74.0122649022315,51.13827300313353,178.50307139344574
V369,2023-11-29 07:30:00,40.717928364575926,-73.9888594853023,21.112516120135343,0.5288422112532798
V230,2023-11-29 07:31:00,40.714389586741255,-73.99724490846859,99.60035363521655,71.05977439996106
V385,2023-11-29 07:35:00,40.7048008637686,-74.0001663199318,27.881064432432936,223.88853232377588
V570,2023-11-29 07:36:00,40.702574356087396,-74.00224980080179,106.45634437293253,21.046065490041535
V939,2023-11-29 07:36:00,40.72234189580899,-74.00932758764576,113.05997784541887,162.3476094900527
V041,2023-11-29 07:40:00,40.71639504399571,-74.01389102180256,5.688116956247606,307.26094243261707
V142,2023-11-29 07:43:00,40.709633447049484,-74.00475230478956,10.88049218959696,292.59087221052977
V386,2023-11-29 07:44:00,40.710599242201795,-73.99673395231692,11.484203497096761,120.49173498372531
V611,2023-11-29 07:44:00,40.71577514353955,-74.02061738342216,112.42550501871612,97.04793597696322
V504,2023-11-29 07:46:00,40.71915424526554,-74.00280350216866,27.657128419141557,88.97225975680864
V430,2023-11-29 07:46:00,40.72242341744815,-73.99202934698687,60.38968729487226,333.05622482600364
V312,2023-11-29 07:46:00,40.71551112796447,-73.99435848233774,67.26142807430206,43.43938033832584
V635,2023-11-29 07:47:00,40.73146683148332,-74.01499886476743,60.41623312551825,166.70614452879997
V839,2023-11-29 07:48:00,40.70422297376953,-74.00103820587712,110.89944353905273,234.0347526169476
V192,2023-11-29 07:49:00,40.713270660946584,-74.00935580643583,17.058780271457792,262.3319552499989
V364,2023-11-29 07:51:00,40.71142220785715,-74.00720041122096,28.43580219733967,201.48045475287378
V266,2023-11-29 07:52:00,40.70065598617041,-74.00126709405085,25.740802219503884,220.7828082965263
V881,2023-11-29 07:53:00,40.70505704919513,-74.00577787335483,109.90762856705689,338.6947233112596
V259,2023-11-29 07:56:00,40.692681196807555,-74.01698289431324,117.40984458135107,38.92059061363801
V776,2023-11-29 07:59:00,40.70337906411127,-74.01319573855918,52.482166893901564,111.64668829778661
V743,2023-11-29 08:01:00,40.713661768423805,-74.02119974459586,101.65645766499001,0.17674696801563528
V821,2023-11-29 08:04:00,40.71680885679104,-74.00127210343977,107.70104511046817,90.55995491687716
V185,2023-11-29 08:04:00,40.72201408397811,-74.01802475308205,34.08694682734047,34.28349591817474
V656,2023-11-29 08:04:00,40.7231298919452,-74.0085075667676,11.213454706025736,4.6444643110457795
V657,2023-11-29 08:04:00,40.7035608798419,-74.00694062450363,17.83699095930497,252.6982518733574
V121,2023-11-29 08:10:00,40.714898494779234,-73.97670903758237,3.3136853955966528,132.30385533350142
V060,2023-11-29 08:12:00,40.709218859245205,-74.01910970370442,50.36191577246373,304.0215949143318
V208,2023-11-29 08:13:00,40.71145867217232,-73.99702135826797,114.084698260557,135.9777348212385
V423,2023-11-29 08:14:00,40.70507228117022,-74.00583508513019,102.4465239275158,174.39072708507447
V075,2023-11-29 08:15:00,40.70489476978167,-74.00325352796388,105.35286118565192,145.62905169365257
V026,2023-11-29 08:16:00,40.7120519501732,-74.0216390463484,109.32582096073268,92.63689157649783
V916,2023-11-29 08:17:00,40.70854457787229,-74.01437776259385,55.99552484399045,82.50642285986463
V659,2023-11-29 08:18:00,40.69899569247693,-74.01622855040804,16.810042905497824,280.26695650121036
V441,2023-11-29 08:19:00,40.72320086245054,-74.01029209296647,97.48708631902402,86.12033519499528
V982,2023-11-29 08:20:00,40.69638651391177,-74.01744692631243,68.31672398341833,170.15582880941392
V477,2023-11-29 08:20:00,40.729406075598945,-73.98648238987732,96.19451025616574,165.89913583464786
V234,2023-11-29 08:24:00,40.71149560266217,-74.01513594509977,67.98219291254618,107.14470467908977
V102,2023-11-29 08:24:00,40.715819892103575,-74.00459328096692,18.930190999078494,287.7708277514574
V948,2023-11-29 08:26:00,40.726785620921255,-74.00508478053221,103.08978056757022,155.31620169473715
V232,2023-11-29 08:27:00,40.701229827191845,-73.98314398818472,37.000612135947904,345.09351707508534
V130,2023-11-29 08:28:00,40.716954006261716,-73.99217818111607,19.575858356747343,244.13612313092807
V071,2023-11-29 08:29:00,40.70279669651046,-74.00228827447351,113.57947340258309,144.1177807432024
V603,2023-11-29 08:29:00,40.72156726773691,-73.99316544963733,73.85192075827892,239.25465583840185
V330,2023-11-29 08:30:00,40.732023247554444,-74.00602876102658,77.14247370086873,271.2690125375032
V895,2023-11-29 08:31:00,40.709098358354865,-73.99517327717909,116.09900223688052,94.09004193538689
V576,2023-11-29 08:33:00,40.71518200192022,-74.01696924971733,113.70866018761009,92.14322140622316
V163,2023-11-29 08:34:00,40.728588651944165,-74.00190448221763,40.05400858736435,138.26654255223576
V988,2023-11-29 08:35:00,40.73314762544021,-74.01013217028351,58.612488449343886,208.37107122198512
V936,2023-11-29 08:39:00,40.70571614947662,-74.01438311155698,18.447838735835024,164.92770396108008
V592,2023-11-29 08:40:00,40.72124454306605,-74.00349886093117,50.69325447247313,319.28509065807305
V077,2023-11-29 08:43:00,40.71504252220966,-73.99891140424633,92.99518736078831,56.45268752141105
V963,2023-11-29 08:43:00,40.711373122879266,-74.00981735087241,38.02111314083517,282.8097676131029
V151,2023-11-29 08:43:00,40.70400839371165,-73.98973350437699,80.46791075804492,31.67249560730541
V247,2023-11-29 08:43:00,40.71530998116008,-74.00834538034908,73.92648593246626,114.79620715595725
V932,2023-11-29 08:44:00,40.710315806932954,-74.00657756558378,7.702125882494193,17.93791756544135
V440,2023-11-29 08:44:00,40.712825711824316,-73.99285845566186,52.94864597437911,335.75073516724245
V947,2023-11-29 08:44:00,40.69630783025583,-74.0114135958843,84.43186224951964,2.147810694829584
V012,2023-11-29 08:45:00,40.715244434559615,-74.01189579922546,24.013121388105276,21.78756748179896
V280,2023-11-29 08:48:00,40.70779590332696,-74.00798715061671,114.47498381796865,90.05713999277003
V106,2023-11-29 08:51:00,40.71698398011309,-74.0049984059191,27.320272607158834,193.05463323512427
V377,2023-11-29 08:53:00,40.70466404002906,-74.00650082641465,68.65372130064654,347.8394924512201
V778,2023-11-29 08:54:00,40.7022860960134,-74.01106906614837,69.34248061404115,217.55080052051403
V619,2023-11-29 08:59:00,40.706370474466475,-74.00872532748488,23.607341509062447,264.7697285526998
V333,2023-11-29 09:00:00,40.72898054269,-74.00180475891574,25.881067935846502,277.33531906889937
V465,2023-11-29 09:01:00,40.70799757958262,-74.0018939820868,33.42428572188146,258.53405667355685
V122,2023-11-29 09:01:00,40.70039375400444,-74.00377141676897,35.901626335591494,267.3224011089
V526,2023-11-29 09:02:00,40.70624454970516,-74.02686510028855,43.59762549968629,233.5234678143816
V281,2023-11-29 09:05:00,40.71532803505419,-73.99180136027803,19.72162060801668,25.721596077152917
V428,2023-11-29 09:08:00,40.716518110814974,-74.00509174072964,61.732909393179064,93.7429767725501
V520,2023-11-29 09:09:00,40.70212257988981,-74.00499132936743,56.11884812629202,207.9847058015676
V209,2023-11-29 09:10:00,40.725013849594596,-74.00304924216698,87.94750374601041,330.54182328155264
V877,2023-11-29 09:11:00,40.739005738460186,-74.01335295718283,40.676516682491204,191.91824818369614
V522,2023-11-29 09:12:00,40.72034095663656,-74.0021817599038,10.866130006222683,143.82201566091757
V503,2023-11-29 09:14:00,40.72159389941913,-73.99868448418138,59.42694692423048,343.41249277671875
V008,2023-11-29 09:19:00,40.727150493867896,-73.9840170366133,24.986905317337435,248.14663311939685
V493,2023-11-29 09:19:00,40.69904815520683,-74.01970571917961,86.88493990905745,289.6697256463475
V058,2023-11-29 09:20:00,40.713741923003106,-74.00441566153215,48.82966899923722,105.41684734937574
V155,2023-11-29 09:20:00,40.734295745348675,-73.99519455872975,22.54918263758953,70.02960966340518
V742,2023-11-29 09:21:00,40.718191612741144,-74.0094087441057,23.406600022166465,86.28367969466593
V081,2023-11-29 09:26:00,40.72295665281542,-74.02513742670861,14.362223606676832,244.75949635114515
V171,2023-11-29 09:31:00,40.712179468742015,-73.98889163417454,10.200315518083922,17.024152666321363
V699,2023-11-29 09:33:00,40.70748006190589,-74.00335261242245,106.95528071628723,338.6867043798022
V633,2023-11-29 09:33:00,40.6967356031055,-73.99980845078395,30.887133039700593,267.38584817190247
V420,2023-11-29 09:33:00,40.705841648806505,-74.02230002651024,31.519729702203342,52.75456615917586
V050,2023-11-29 09:33:00,40.70976901746576,-74.00571379495813,40.43535921285857,92.57771137303058
V595,2023-11-29 09:36:00,40.7099780412331,-74.014361113795,70.27741628148132,40.879118546432295
V422,2023-11-29 09:40:00,40.72805957560885,-74.01696601747092,47.83274194072375,0.944949630112375
V862,2023-11-29 09:43:00,40.71001085724897,-74.02331731346467,83.8134082008663,99.39626361700554
V959,2023-11-29 09:44:00,40.71578713659992,-74.01029223899572,50.640775738932206,40.17608104999744
V374,2023-11-29 09:45:00,40.70931953620357,-74.00596416794045,105.1701237469791,309.843708249128
V970,2023-11-29 09:46:00,40.71000703330722,-74.01342152161651,101.49246682060631,41.41010276130265
V109,2023-11-29 09:46:00,40.71313089751139,-74.02296131266831,29.76555956329191,328.59332532416414
V009,2023-11-29 09:48:00,40.7178723895111,-74.01590670930628,66.35547808305887,26.830830230308493
V580,2023-11-29 09:49:00,40.711878878853085,-74.01985277583768,87.52164119159548,292.7702743098131
V730,2023-11-29 09:50:00,40.71197965846854,-73.9877906072591,71.98974173624246,305.64341736939986
V005,2023-11-29 09:51:00,40.71205332021749,-74.00558917773856,20.44598550755554,306.67821448754637
V046,2023-11-29 09:52:00,40.71713107953151,-74.02120039285192,79.49841607343204,177.64809843316132
V990,2023-11-29 09:53:00,40.72230833697004,-73.99905871291863,82.37051839464687,34.43229592193007
V494,2023-11-29 09:53:00,40.7178099223218,-74.0028943528958,95.46007066667252,347.30021752834733
V954,2023-11-29 09:54:00,40.718256573234704,-73.98973568509008,88.332323916104,302.13049893335346
V288,2023-11-29 09:55:00,40.71134725542795,-74.0111390295028,106.87262118942056,252.83618806332981
V038,2023-11-29 09:55:00,40.70415955008898,-74.001671623785,5.408379286860097,32.980986294751105
V550,2023-11-29 09:55:00,40.710791914860046,-73.99829669120673,37.74623991025033,145.71277483741432
V788,2023-11-29 09:58:00,40.710236831063106,-74.02763097648396,82.71711045385483,141.2879827053753
V161,2023-11-29 09:59:00,40.701753834024736,-74.00600417326413,13.771514004700238,346.49370350487266
V207,2023-11-29 10:01:00,40.71110241706098,-74.0071244375602,10.928366204656008,99.52484270437644
V416,2023-11-29 10:04:00,40.71091165219782,-73.9976961399466,49.60621478515594,304.0360371349686
V972,2023-11-29 10:05:00,40.6919336502058,-74.00996523739016,28.646839973461816,158.99261485554175
V548,2023-11-29 10:06:00,40.72187698797988,-74.00444409265032,60.09315693742258,114.70098789670506
V159,2023-11-29 10:08:00,40.71628169235242,-74.00029211470618,59.08386488561253,238.7969997993668
V733,2023-11-29 10:08:00,40.6954972393845,-74.00856869697331,48.11279581353326,112.13413877223506
V356,2023-11-29 10:11:00,40.70718421250397,-74.00406168263072,16.271626149946158,253.31313898511624
V017,2023-11-29 10:12:00,40.72143519658381,-74.00182199416794,75.60206310341607,88.16930338440176
V169,2023-11-29 10:12:00,40.725474116548185,-74.01061893815354,3.3705590345641756,79.3375661725353
V190,2023-11-29 10:13:00,40.69281360524417,-73.99935855950642,18.305132233602098,5.482391533283377
V819,2023-11-29 10:14:00,40.72559812020628,-73.99762452085854,80.26968002963679,22.78075827715994
V239,2023-11-29 10:14:00,40.70654442964891,-74.00747637414514,13.698161486773257,40.18618794825408
V366,2023-11-29 10:14:00,40.69931575680879,-74.00646481156033,109.12244299031805,287.53562113784045
V427,2023-11-29 10:17:00,40.70822359405711,-74.00430122040203,85.64887445805654,177.50202874027957
V964,2023-11-29 10:20:00,40.700523635795896,-74.00752794463402,81.12813084367193,264.1250271060347
V745,2023-11-29 10:23:00,40.722636361957896,-74.01384221382534,9.25818965702581,94.83694387081509
V085,2023-11-29 10:24:00,40.72992305221344,-74.00698161211206,63.13156180806489,20.585803675011746
V228,2023-11-29 10:25:00,40.71657759169731,-74.01479557097312,41.956724054312495,78.53606937641094
V076,2023-11-29 10:26:00,40.703726998784745,-74.01203620436019,98.88926693393073,266.90381683458173
V891,2023-11-29 10:26:00,40.71180991688716,-74.01397702759941,34.072372261256106,174.20270285867014
V001,2023-11-29 10:28:00,40.71645848787917,-73.99726688163929,23.7030007652052,103.58867596182512
V671,2023-11-29 10:31:00,40.72193201924252,-74.00931010603402,25.652554250983442,10.374751924443046
V395,2023-11-29 10:31:00,40.70667374261125,-74.00353777238723,39.848921986150444,289.85946508064484
V665,2023-11-29 10:32:00,40.69731745677151,-74.00777137383315,18.457314538971442,284.98240360603955
V710,2023-11-29 10:32:00,40.72441533803559,-74.0214055797187,64.52849923046519,0.9813128434193619
V472,2023-11-29 10:35:00,40.69800684020037,-74.00772458596681,98.28621189435248,169.04045388781324
V250,2023-11-29 10:35:00,40.70863500917564,-74.00458332835129,104.88345874361232,138.2752998390418
V844,2023-11-29 10:37:00,40.71145177548906,-74.00285966156353,75.71623984849896,269.37221839954714
V806,2023-11-29 10:40:00,40.69650416397252,-73.99562555203269,56.26079494688412,248.49437654002128
V998,2023-11-29 10:42:00,40.70419846615076,-74.01076224436315,4.656073789577748,316.31510399819723
V505,2023-11-29 10:42:00,40.71822610783499,-74.0100985453844,64.21776582958684,346.1878712430472
V725,2023-11-29 10:44:00,40.714955530537885,-74.00728587550316,48.773389488106254,158.11270945983952
V216,2023-11-29 10:45:00,40.72677896261087,-74.02207320159233,9.161276970865053,294.93378570446373
V371,2023-11-29 10:47:00,40.718827076564295,-73.99833009549441,105.74878654508477,321.87919766164794
V498,2023-11-29 10:49:00,40.70081907119809,-74.01692217941341,108.53026098618979,248.7551279947802
V804,2023-11-29 10:50:00,40.69433468018335,-74.00425370422187,33.197227797233786,175.7292401371233
V278,2023-11-29 10:56:00,40.718429897185864,-74.00804338936904,104.9334861074995,327.9691126191265
V848,2023-11-29 10:56:00,40.7239492455949,-73.99671258075193,59.49681947845949,107.87595344953584
V731,2023-11-29 10:58:00,40.70322841901725,-74.0138027986839,27.143671374212637,183.50601961220784
V107,2023-11-29 11:00:00,40.71715546159296,-74.0107517510583,89.81190156816606,53.84825293957586
V345,2023-11-29 11:02:00,40.70524537273634,-74.00360912919626,18.30733712423538,275.7187096917609
V103,2023-11-29 11:02:00,40.71888156427601,-74.01343672174701,69.98879180150085,203.06502734445652
V880,2023-11-29 11:02:00,40.70476149595969,-74.00597282460109,23.597618942946582,345.25619557182273
V293,2023-11-29 11:02:00,40.70501816478544,-74.02449130727275,59.04835429858721,208.119747880736
V719,2023-11-29 11:02:00,40.726828447401004,-73.9995017036532,75.05865660708488,306.72829877395776
V994,2023-11-29 11:04:00,40.718527513668576,-74.00813215236872,46.581581877928116,43.09779768523931
V401,2023-11-29 11:08:00,40.70812506826342,-74.00050143132704,27.907942939765732,172.45258013116654
V082,2023-11-29 11:15:00,40.71981041341165,-73.99936438423408,93.79357202200673,309.966999053255
V524,2023-11-29 11:17:00,40.708896073060146,-74.01855774881741,50.426779254420296,237.84869303891023
V342,2023-11-29 11:18:00,40.70715698966698,-74.00394203196267,59.461770297272125,340.6179108727555
V349,2023-11-29 11:18:00,40.713792048625315,-74.00527322100896,101.27623531344483,162.70164373302555
V463,2023-11-29 11:19:00,40.69914837122775,-74.00613451469357,105.86334954031068,219.60039102077855
V950,2023-11-29 11:19:00,40.72062578880842,-74.01163407663118,40.82003207166337,75.44226671437445
V115,2023-11-29 11:21:00,40.744509747732906,-74.00513547475992,92.83815708944701,236.5868845664279
V301,2023-11-29 11:25:00,40.73600799839281,-74.02267779892884,95.74837319381807,110.40547038113102
V812,2023-11-29 11:29:00,40.72699255045911,-74.00778456814898,55.51113290518642,244.30702216785946
V960,2023-11-29 11:30:00,40.7219064567223,-74.02862243635244,77.2336647260943,11.284202467233442
V223,2023-11-29 11:31:00,40.72216129148311,-74.01311285755611,46.25635519396201,70.0445742538115
V372,2023-11-29 11:31:00,40.7068535023028,-74.01626007251626,38.24068226178344,325.9307413161602
V118,2023-11-29 11:31:00,40.72544983329856,-74.01254570134998,73.38300932758118,209.64645827612182
V501,2023-11-29 11:33:00,40.71427434401651,-74.00103106855161,6.920039557447728,166.4201576391907
V158,2023-11-29 11:34:00,40.71214511624856,-74.01544870197388,103.35604275752424,337.72040953078044
V227,2023-11-29 11:35:00,40.729115974275324,-74.00934621605954,14.38846867575085,249.4503188460306
V314,2023-11-29 11:37:00,40.71879039526376,-73.99871070132615,24.14751487483666,359.984380592781
V487,2023-11-29 11:38:00,40.715660125269785,-74.01150799425707,111.22544024252534,239.65404032569487
V252,2023-11-29 11:39:00,40.724039053056146,-73.99255925625327,29.773469817607516,319.69192915176984
V488,2023-11-29 11:46:00,40.72258567297446,-73.99807958501577,35.64684226329406,300.7964308218996
V714,2023-11-29 11:47:00,40.72086563767896,-74.0065525899573,26.651162678021496,307.07025181136135
V973,2023-11-29 11:54:00,40.71320071456548,-74.01456302826995,6.1307724789156515,329.49766258354396
V792,2023-11-29 11:57:00,40.72706316860787,-74.00340167504997,95.16817100741925,168.24177570462837
V871,2023-11-29 11:58:00,40.69770338393932,-73.99816255506326,58.09676738287932,103.77621236220367
V049,2023-11-29 11:59:00,40.72665261546722,-74.01859787343405,104.12331428655497,24.901586060767457
V843,2023-11-29 12:04:00,40.696536780621734,-73.99971000412543,78.93152251552308,337.62825546004814
V569,2023-11-29 12:05:00,40.72339027254442,-74.02863660301036,50.105546384194895,236.84288212545448
V770,2023-11-29 12:06:00,40.7200934634628,-73.99944075588627,22.47198315123574,271.25835212030927
V138,2023-11-29 12:09:00,40.70231829593175,-74.00095030018537,39.46238805736894,141.78843273358396
V489,2023-11-29 12:12:00,40.70170522446364,-74.00455893514876,101.34790316861948,195.9860714361582
V432,2023-11-29 12:14:00,40.71523168215403,-74.00034732797464,39.09053231837079,3.1091730181369215
V563,2023-11-29 12:17:00,40.71619059255943,-73.9869738180163,14.428992267103759,313.8442506412191
V438,2023-11-29 12:17:00,40.716913342428974,-73.99701032605412,96.63459065182037,160.81871614325908
V625,2023-11-29 12:17:00,40.71131233847766,-74.01118678687288,82.5459439108681,312.9548767431369
V697,2023-11-29 12:19:00,40.704111374531344,-74.00510923797503,55.12175530130992,113.90111070624971
V691,2023-11-29 12:20:00,40.71436476256947,-74.00660137885504,89.46398498640892,143.29944690127812
V054,2023-11-29 12:21:00,40.71520787509742,-74.00923457472483,84.54884607403434,33.52486237734817
V113,2023-11-29 12:21:00,40.71123976109003,-74.01486904326283,74.88131641551034,63.233681656454586
V063,2023-11-29 12:22:00,40.70857685175875,-74.00553864941044,79.61486398632093,169.9672655654589
V620,2023-11-29 12:24:00,40.71430115227006,-73.99862478486587,68.40045869746659,74.86554890615717
V869,2023-11-29 12:24:00,40.70916562219884,-74.00493347705498,64.53011730333094,241.15442586869838
V409,2023-11-29 12:27:00,40.72111351057985,-73.98638773010634,115.50892453103046,173.09862157628018
V276,2023-11-29 12:29:00,40.71365951973434,-74.02743308065239,1.6934632536715633,42.844876994999886
V827,2023-11-29 12:30:00,40.72281331017347,-74.0176444845387,49.26275888321789,250.35356917369884
V149,2023-11-29 12:31:00,40.71957462169347,-73.98685770302937,75.8244518777727,48.455031242868785
V379,2023-11-29 12:32:00,40.71206880354052,-73.99949958026949,62.713901621850155,25.48220279497952
V974,2023-11-29 12:33:00,40.70952245082704,-73.99340124668483,33.21933484002305,55.073776437062804
V716,2023-11-29 12:34:00,40.70333259589043,-74.01418504140594,38.88512585661148,200.6100158277578
V289,2023-11-29 12:34:00,40.7052350647112,-74.01368849159675,100.98738544279915,246.46116828348437
V644,2023-11-29 12:39:00,40.68738761192312,-73.99757411203544,54.31661357960872,239.64711431701832
V724,2023-11-29 12:40:00,40.69503611383654,-74.0018532573339,113.80522196180299,242.30053801191687
V357,2023-11-29 12:41:00,40.71487270746974,-73.99467994866323,116.86835496508843,79.26426956034038
V225,2023-11-29 12:41:00,40.721126507394644,-74.00495172197172,22.53243565309052,84.75394260976636
V790,2023-11-29 12:43:00,40.70879013842104,-73.98345716301195,38.83343675318375,300.4114098433205
V098,2023-11-29 12:45:00,40.72046919669661,-73.99103089006479,73.01643182086099,86.92669830297508
V781,2023-11-29 12:45:00,40.70440367552827,-74.01698097960363,108.40535798554616,102.70365820210802
V474,2023-11-29 12:49:00,40.705585687044284,-74.01208815117417,41.55931801030138,150.62649608664802
V977,2023-11-29 12:50:00,40.727649255987004,-74.00880447781468,36.52339721829081,21.212036045897904
V215,2023-11-29 12:50:00,40.71519145580654,-74.00536103808349,66.97656082455993,83.12528799140456
V212,2023-11-29 12:51:00,40.697491965026,-74.00425319907102,21.081188338594256,288.1464139277819
V363,2023-11-29 12:51:00,40.715994318333316,-73.99263613817678,36.29479175763728,38.566482725294875
V679,2023-11-29 12:52:00,40.7228859728686,-74.02285382104871,33.23347337277015,331.8323541823448
V641,2023-11-29 12:53:00,40.71903453609425,-74.01989781018897,1.8847618215394313,224.48786840534902
V206,2023-11-29 12:54:00,40.71011627264791,-74.01981745009495,60.36184607105778,327.8759643369401
V197,2023-11-29 12:59:00,40.71497179632638,-74.00155218637593,12.425663318372667,43.66791800023593
V449,2023-11-29 13:02:00,40.70757380583602,-74.00856232697996,38.94870464240331,156.827566688591
V298,2023-11-29 13:03:00,40.71505840478603,-74.00312084567784,56.98410001235305,194.99122496254233
V218,2023-11-29 13:03:00,40.715789774561195,-74.01324311319232,61.332370402806504,251.29676876849044
V248,2023-11-29 13:04:00,40.7233475792518,-74.01463355581342,100.96886841002508,213.19857899375208
V712,2023-11-29 13:05:00,40.7109329088819,-74.00227123991148,84.4981813047327,249.03008075995527
V499,2023-11-29 13:06:00,40.71686657087467,-73.99901349765692,39.346586340500906,349.87586694473896
V091,2023-11-29 13:07:00,40.70526295533819,-73.99856446484492,49.87064425033826,76.04881534548709
V513,2023-11-29 13:08:00,40.71618225473685,-73.99699177235792,49.800363257721884,303.60773357015347
V072,2023-11-29 13:10:00,40.72953985707011,-74.01589822549548,35.622344122555994,113.81920461439695
V801,2023-11-29 13:16:00,40.702968818162546,-73.98902653518986,70.52003119183577,168.16021573643408
V506,2023-11-29 13:17:00,40.71995938893437,-74.01053337432138,7.914559164010728,188.64939405273242
V383,2023-11-29 13:17:00,40.70891845807518,-74.02543456851286,58.518279112490646,202.23008259691127
V400,2023-11-29 13:17:00,40.72626221073222,-74.00803570671474,46.28730448324879,51.82982363309514
V884,2023-11-29 13:17:00,40.70981676831004,-74.0094404562885,33.479748648308046,19.57794148691107
V624,2023-11-29 13:17:00,40.7227675964282,-74.01892001251048,87.738857502196,151.94505245959152
V078,2023-11-29 13:18:00,40.69601311637172,-74.00177181425323,6.87480462598816,192.12518753938755
V617,2023-11-29 13:21:00,40.71219712466361,-73.99736982846849,14.356168829330201,245.4040720252165
V525,2023-11-29 13:23:00,40.71392557530907,-73.99377122552947,104.56572259136846,151.3458554465224
V037,2023-11-29 13:24:00,40.708736968695554,-73.99824976736775,96.69969909665866,342.21558716432406
V735,2023-11-29 13:24:00,40.716643234052114,-73.99529639983027,51.80675945541124,321.63620774487026
V284,2023-11-29 13:28:00,40.70886846805246,-74.0102378824855,51.193000643018536,280.22505638562023
V780,2023-11-29 13:31:00,40.718879925094065,-74.00053728133057,41.528648919612095,296.6983685691053
V748,2023-11-29 13:33:00,40.708892020039194,-74.00529225924099,64.10444029535005,71.51939454080609
V546,2023-11-29 13:34:00,40.713298572666,-74.01309785100119,119.48492184966206,46.028692003860115
V707,2023-11-29 13:34:00,40.69828094470569,-73.99539285000658,62.7035229501046,257.35680773818524
V299,2023-11-29 13:39:00,40.70730501453696,-74.01184375275311,48.66501655362939,52.287169944505486
V721,2023-11-29 13:43:00,40.71599118400086,-74.0080496055173,88.37229848977653,135.21343017836168
V055,2023-11-29 13:44:00,40.71569120505279,-74.0040217183215,64.80888969434588,5.138475657006469
V321,2023-11-29 13:46:00,40.71411573967908,-74.00093330973972,78.04700975249234,123.17834973137786
V854,2023-11-29 13:50:00,40.71283222216443,-74.01299215279087,63.279886180381084,3.5412796966708404
V986,2023-11-29 13:52:00,40.72496577713743,-74.01607909803283,31.664042954723794,312.1572317917565
V270,2023-11-29 13:53:00,40.718964593126266,-74.001757473819,28.181809290341533,229.18490935500282
V927,2023-11-29 13:53:00,40.71834127578327,-74.02048466863248,85.86511082105618,104.75259753980224
V454,2023-11-29 13:55:00,40.723215683888185,-74.0082482656127,112.21899831780331,170.08383204892908
V623,2023-11-29 13:59:00,40.701464071743615,-73.99279205613873,96.06534306366892,354.0502576817428
V993,2023-11-29 13:59:00,40.7084890366249,-73.99777923643202,4.394300899595649,356.2477421501807
V271,2023-11-29 14:04:00,40.71816596520567,-74.01449072872694,6.6149430700035206,44.54759822929785
V531,2023-11-29 14:05:00,40.721664915393596,-74.01896360388275,116.14285001393593,89.20143241962111
V219,2023-11-29 14:06:00,40.72928504010268,-74.01373192510223,3.420165711488674,175.08730189806073
V303,2023-11-29 14:08:00,40.71814201170846,-73.99042989958468,100.39821898645273,250.38390017079965
V628,2023-11-29 14:08:00,40.7135912172393,-74.00597614802085,51.36332748903029,245.4357111305897
V261,2023-11-29 14:09:00,40.70383630277448,-74.01461215553398,37.374011586355664,129.7262007546715
V256,2023-11-29 14:13:00,40.72317585667051,-73.99529927487929,79.26229263848886,63.36547624004797
V684,2023-11-29 14:16:00,40.72828066801379,-73.99263764909188,14.415209274908115,297.13978195781465
V275,2023-11-29 14:18:00,40.70825919637485,-74.01606559064794,31.9972343267408,57.21080076671095
V559,2023-11-29 14:22:00,40.702006568339755,-73.99928383427964,108.17943622199179,259.59331860544313
V609,2023-11-29 14:23:00,40.708495380881146,-74.01155126345495,63.17956384911594,221.31888741025537
V093,2023-11-29 14:24:00,40.710730552894425,-74.00605927405833,59.55688316739115,230.4163963881087
V309,2023-11-29 14:24:00,40.709883580136484,-74.00706652673661,51.075642175799,171.27824722094218
V747,2023-11-29 14:26:00,40.71532331431385,-74.00943235054456,2.488242378981118,317.11732328839054
V128,2023-11-29 14:27:00,40.71296338084113,-73.99113600746534,22.560956613248994,229.05870877001104
V906,2023-11-29 14:30:00,40.71258130091211,-73.99353304859106,97.70288433412884,207.87430502081048
V863,2023-11-29 14:30:00,40.727115677574496,-74.0065010745879,109.57814124527431,282.34363387064997
V768,2023-11-29 14:30:00,40.70701081860057,-74.01336491171506,14.391309965951514,51.41683192756351
V358,2023-11-29 14:31:00,40.715877325746796,-74.01160981003132,6.206119480893895,29.315460803881695
V888,2023-11-29 14:31:00,40.7132253907403,-74.00109028944819,84.14574799473854,331.28102612155675
V108,2023-11-29 14:34:00,40.706807757225405,-73.99327046251081,97.44681418185546,283.12038098811774
V598,2023-11-29 14:35:00,40.7076895953642,-73.9955976103575,108.81294617850766,331.54337981287694
V512,2023-11-29 14:37:00,40.719764386733914,-73.98936126875563,43.116153442455534,311.82121989259434
V651,2023-11-29 14:37:00,40.701630504462535,-73.99657685691723,3.8823511263526855,73.76355902585803
V084,2023-11-29 14:37:00,40.7018250334523,-73.99406388319251,60.097403789720346,137.35227983697348
V269,2023-11-29 14:39:00,40.72576149867528,-74.00821574398203,60.683236577250625,204.6773001083825
V564,2023-11-29 14:41:00,40.70690367958049,-74.0137566410794,60.25802045999291,212.460184913837
V537,2023-11-29 14:44:00,40.70751130146444,-74.01015231395822,117.9925582612957,281.03009643084255
V864,2023-11-29 14:47:00,40.727422141707805,-74.00168366147189,109.989211860083,72.31609870054692
V796,2023-11-29 14:47:00,40.73113435361816,-73.98997136370623,65.21420341290175,74.24287207162756
V425,2023-11-29 14:47:00,40.70027406658497,-74.0125276144935,17.751987983227092,75.58669087426021
V509,2023-11-29 14:48:00,40.730881318105794,-74.00296343526473,16.9166895075481,59.259322402824644
V590,2023-11-29 14:49:00,40.71433644460816,-74.00339867095062,106.36383937130394,221.1933903674396
V886,2023-11-29 14:53:00,40.69828661501809,-74.00907131720159,31.17043772776336,150.31542636678577
V172,2023-11-29 15:01:00,40.72539167129611,-73.99185584957272,38.64653128364299,104.12909444076077
V100,2023-11-29 15:01:00,40.69504112000038,-73.99881102834472,64.89906211846125,179.76762869492418
V631,2023-11-29 15:01:00,40.70268225915895,-73.99512453684532,0.5369552054079652,5.5463204976861125
V257,2023-11-29 15:04:00,40.712987917917744,-74.01221082697701,67.17175206772392,72.35697017362439
V999,2023-11-29 15:04:00,40.72139104192786,-74.02312629322682,104.05926091673415,36.772808670520604
V859,2023-11-29 15:07:00,40.70809257501818,-74.01992015916558,103.62898369720769,161.26573339981798
V240,2023-11-29 15:07:00,40.722721368285185,-73.99468188043171,67.41754941627552,51.72517510351382
V407,2023-11-29 15:08:00,40.71760424496118,-73.9963406388154,67.82906944308496,333.77415755303645
V316,2023-11-29 15:11:00,40.700168270879146,-74.01537509386108,56.64927116983939,197.29886636761577
V066,2023-11-29 15:12:00,40.71481479946704,-74.0130385903599,12.66596211131764,10.745298887632613
V883,2023-11-29 15:15:00,40.721053722320875,-74.00460011532613,14.676252952094213,34.1970297454627
V148,2023-11-29 15:15:00,40.70422921811329,-73.99318488659635,37.1065755449444,83.45058849535855
V989,2023-11-29 15:15:00,40.72334177908939,-74.00446711530867,38.58990994541866,355.2986797671735
V290,2023-11-29 15:19:00,40.715815140573966,-74.01769095747322,10.295644215892302,202.10983490725326
V933,2023-11-29 15:20:00,40.70549126414049,-74.01326712025983,80.42371654706285,93.69100971221263
V018,2023-11-29 15:22:00,40.704752462593625,-74.01840216336407,32.64484071496901,287.587412483592
V467,2023-11-29 15:25:00,40.723012247431676,-74.01235430438619,71.03977111054223,351.6118653522346
V152,2023-11-29 15:29:00,40.71048898392407,-74.00811438290846,55.65990375237477,190.71376737650203
V572,2023-11-29 15:29:00,40.72537219650829,-74.01079623015073,89.23566739850467,9.267916949953005
V676,2023-11-29 15:30:00,40.70715682090318,-74.01481447066469,20.457505593482193,310.01976018608053
V860,2023-11-29 15:30:00,40.715527963895305,-74.00007794318356,27.11339588311372,280.61179215135456
V820,2023-11-29 15:31:00,40.703940335179595,-73.98639119187486,92.51619640082939,330.98615600781494
V168,2023-11-29 15:34:00,40.71804917863646,-74.00526714567992,45.28707980963868,89.98626047361162
V953,2023-11-29 15:39:00,40.70923128471974,-73.99609677189343,116.58371140158556,108.8687111345677
V591,2023-11-29 15:39:00,40.69695526436849,-74.00669856498256,80.15311153355898,225.9750760423626
V516,2023-11-29 15:40:00,40.70513295145463,-74.01148087187472,44.78351444727661,319.7980645654532
V594,2023-11-29 15:42:00,40.71563769554383,-74.01750437769819,22.12812481144133,37.705605818788904
V339,2023-11-29 15:43:00,40.69962282656859,-74.0002889017787,72.48593085218035,92.43238003153166
V335,2023-11-29 15:45:00,40.71702580372273,-74.00103384801517,94.70210724849117,223.98921701654982
V478,2023-11-29 15:45:00,40.698633965175745,-73.99360059450173,18.220592863389054,64.63130514967511
V180,2023-11-29 15:45:00,40.71107799207303,-74.00095184543659,4.634732403348405,130.0680157580642
V914,2023-11-29 15:45:00,40.713857199954674,-73.99701759377596,64.66070026150103,138.497494629802
V627,2023-11-29 15:45:00,40.71234886696307,-73.99783465120227,5.213427530839336,183.12057267647646
V952,2023-11-29 15:46:00,40.73077539387126,-73.99159696358983,66.51141754385034,349.53363332171335
V226,2023-11-29 15:47:00,40.71607066209121,-74.01593257217438,48.56157977835154,55.02607374806399
V761,2023-11-29 15:47:00,40.69722001471817,-74.0251380070467,36.530296712342164,174.96124725805183
V937,2023-11-29 15:48:00,40.71264220782879,-74.00038550090449,74.0027467564979,10.911934558102004
V543,2023-11-29 15:48:00,40.700762648078005,-74.00460935849695,0.4639781089224515,227.5634931396262
V907,2023-11-29 15:52:00,40.7100879266011,-73.99899319890906,17.74992168574082,178.73930958023567
V057,2023-11-29 15:52:00,40.7108160110318,-73.99198476583994,33.387766760057204,28.120228507378506
V662,2023-11-29 15:55:00,40.71130108408267,-74.00613250267934,105.55720754881776,152.20903157235557
V502,2023-11-29 15:56:00,40.703025351227545,-74.01265041618159,73.96832321186008,207.47913352630601
V468,2023-11-29 15:57:00,40.71988695273111,-73.99747170231726,35.43410179714998,254.23494206251578
V022,2023-11-29 15:59:00,40.722180925409056,-73.99025628762524,25.89760387959556,312.05551701476503
V483,2023-11-29 16:00:00,40.72378303540733,-74.01658571897606,3.364052053075439,4.079614431098424
V669,2023-11-29 16:05:00,40.70879651184987,-74.01695671228973,2.8432891656802006,330.2561874240492
V246,2023-11-29 16:09:00,40.71102186856297,-73.99349430167456,103.7569006148182,103.89192438961676
V519,2023-11-29 16:10:00,40.699069574490494,-74.00213833622901,9.509590802791514,272.51234969173055
V424,2023-11-29 16:12:00,40.72162056599363,-74.01821776334695,92.56351093566283,272.2832930671649
V773,2023-11-29 16:14:00,40.70177769809093,-74.00195685656671,68.62190643299327,209.70765755311805
V899,2023-11-29 16:14:00,40.71079646519995,-74.01488645283092,39.72105109931298,267.70406370981
V787,2023-11-29 16:18:00,40.718793693725225,-73.99920055993884,15.49696222964207,104.39652495628295
V527,2023-11-29 16:24:00,40.71347516857175,-74.0119075715291,83.3332066478344,287.7797045081672
V879,2023-11-29 16:25:00,40.69979653167782,-74.00993449121185,16.621717086799354,166.74037196605966
V962,2023-11-29 16:26:00,40.71161829215634,-74.0104828279916,3.5666620946312877,79.31306514388307
V898,2023-11-29 16:27:00,40.71137554582491,-74.01738567870315,68.58479163886648,44.376560380623054
V638,2023-11-29 16:32:00,40.72518006935959,-74.00077442398002,1.648991168573195,33.095188511347715
V202,2023-11-29 16:33:00,40.70007441864968,-74.00070166216526,119.20535924278862,37.535304291636784
V565,2023-11-29 16:34:00,40.703841842395896,-74.0078808973805,32.150182486891296,147.4846073852298
V555,2023-11-29 16:34:00,40.69121931436039,-74.00902746016904,53.62315910741266,342.38499301774885
V382,2023-11-29 16:39:00,40.70568693640257,-74.00716222439537,60.151782081869925,5.8932557637694405
V672,2023-11-29 16:41:00,40.7349130433324,-74.00149711169352,109.99400910120309,229.4708523180052
V405,2023-11-29 16:44:00,40.718484589189245,-74.0071858662355,84.96575566146629,265.59858870600107
V842,2023-11-29 16:47:00,40.73139346333852,-74.00365022807111,88.24966594429755,285.59999226234874
V979,2023-11-29 16:47:00,40.717395849048344,-73.99587831704825,78.0382774331748,279.57320694915376
V760,2023-11-29 16:48:00,40.71906564250745,-74.00495188391928,95.41945568358459,282.64903013611456
V350,2023-11-29 16:54:00,40.72856298972628,-74.00805834025219,64.73109370620136,99.74976087373574
V452,2023-11-29 16:56:00,40.70772765538105,-74.01032431978578,52.22586245476287,330.8389476790287
V311,2023-11-29 16:59:00,40.70499695593499,-74.00004699692307,11.291295323480792,291.1802843937793
V604,2023-11-29 17:01:00,40.69453088621696,-74.00002053508608,43.64430789922836,217.89200015827626
V277,2023-11-29 17:02:00,40.72031946587677,-73.98803081477425,18.076686579861466,40.716020164981195
V413,2023-11-29 17:04:00,40.71820123026401,-73.99538399829964,86.19514875768009,51.289982991522535
V048,2023-11-29 17:04:00,40.7200436850487,-74.00640018725352,26.356055957866715,112.38995317507857
V602,2023-11-29 17:06:00,40.71222957132338,-74.0061876705554,5.12867916249669,118.94480545769542
V872,2023-11-29 17:08:00,40.71002608608257,-73.98698659948153,71.12498928882232,77.85826836049382
V759,2023-11-29 17:08:00,40.713189087058566,-73.9929578610815,75.76222368582442,29.7396175188938
V866,2023-11-29 17:09:00,40.70642159443526,-73.99781646269173,77.05262628643308,258.8030106509451
V406,2023-11-29 17:11:00,40.70947188235148,-74.00111629409571,33.5966387090045,9.481881290708651
V302,2023-11-29 17:14:00,40.713970908721556,-74.0001196225126,112.15291538443525,185.45715690527567
V201,2023-11-29 17:15:00,40.69798754037803,-74.00878981605302,4.465324357056182,2.7658505501799358
V089,2023-11-29 17:17:00,40.72397305315537,-74.00573753382139,0.00869395661906136,349.8303892837822
V263,2023-11-29 17:19:00,40.728648205273494,-73.99501418351768,72.92457759125611,249.56976754874137
V211,2023-11-29 17:20:00,40.71246680717155,-74.02000256208127,14.430856688866323,133.09988679548306
V341,2023-11-29 17:24:00,40.71194884397481,-74.01693895056735,27.4179559772322,204.05723129645787
V639,2023-11-29 17:26:00,40.70239400769915,-74.01866342676963,70.52977042352778,162.04076361495103
V181,2023-11-29 17:28:00,40.72010351790377,-73.99296819038352,14.054144103445854,357.2573711260768
V723,2023-11-29 17:30:00,40.696415763742586,-73.98742897730244,7.42533221501438,285.147567373896
V728,2023-11-29 17:30:00,40.70458465482981,-74.02757356373495,94.0789698449869,315.9626676627036
V772,2023-11-29 17:33:00,40.7098124039943,-74.00638476658239,98.04640029885589,285.02748123232954
V104,2023-11-29 17:34:00,40.72394962322947,-74.00759012251554,105.91238724308525,169.6107747303428
V457,2023-11-29 17:37:00,40.71411911755788,-74.01089828218848,22.853360232964054,191.76989522308295
V282,2023-11-29 17:37:00,40.7087198529096,-74.01565106608065,30.39137503915732,193.0253106643569
V444,2023-11-29 17:40:00,40.72753764815138,-73.9910050850986,115.49605902404804,66.05283906142449
V023,2023-11-29 17:41:00,40.71576733172494,-74.00401010505595,103.377144345168,237.85234472779138
V763,2023-11-29 17:44:00,40.72124995603001,-74.02201840952074,24.217936495602803,220.2174902321404
V412,2023-11-29 17:44:00,40.73922935721015,-74.01678361090816,111.86637984939847,231.12738603701524
V337,2023-11-29 17:45:00,40.70466205516769,-74.00644139718848,73.49127407872801,57.02092995650001
V518,2023-11-29 17:46:00,40.702818082717684,-74.01299317940972,23.85753554384089,61.43623917372311
V145,2023-11-29 17:47:00,40.70878765290089,-74.0027664346852,72.3518532573036,103.72696702130251
V897,2023-11-29 17:47:00,40.71818329603276,-73.99527363952741,112.8090454044761,126.13216028131728
V810,2023-11-29 17:49:00,40.71083766035056,-74.02618281868354,51.135530419957156,345.20649285735453
V904,2023-11-29 17:53:00,40.722701213838796,-74.01591628358378,63.41273802335556,23.540947456287565
V981,2023-11-29 17:55:00,40.726705339670744,-73.99347998017247,24.513950687563366,88.86453138258749
V397,2023-11-29 17:55:00,40.697897346120925,-74.01251856499931,27.52366796273214,127.6317612236727
V802,2023-11-29 17:56:00,40.703816780285685,-74.01166603024637,114.83587640524226,278.286007323922
V667,2023-11-29 18:00:00,40.72540568845042,-74.01520626373016,39.12493313703542,254.3295005196537
V865,2023-11-29 18:02:00,40.70851297934414,-74.00023065402947,63.43577654392948,161.04320900140826
V249,2023-11-29 18:04:00,40.7224004774115,-74.01635605731384,25.163057366578613,266.35196115533665
V006,2023-11-29 18:06:00,40.7153871644023,-74.00006534080397,64.30655910852745,279.2933451946149
V834,2023-11-29 18:08:00,40.72176248425356,-73.99840843324891,70.53796969406014,133.20818175557835
V294,2023-11-29 18:08:00,40.730167749569766,-73.99190047861605,68.17840201512455,110.87391864324009
V567,2023-11-29 18:09:00,40.71378667453816,-73.99422170495295,78.15713265735548,286.06021857539093
V490,2023-11-29 18:09:00,40.70732481899321,-74.00366541920337,54.26654560444976,69.76589654199469
V131,2023-11-29 18:09:00,40.70248517539685,-73.99113217525914,101.12265147125169,359.0473251862716
V087,2023-11-29 18:12:00,40.702344754429305,-74.00747353664583,59.07133995868587,336.51356916103884
V304,2023-11-29 18:14:00,40.715978850972384,-73.99715972802574,5.017272138396165,103.39288636597762
V083,2023-11-29 18:15:00,40.70862522650115,-74.00754072398425,25.38976501292183,82.78820882519653
V1000,2023-11-29 18:16:00,40.7047037342396,-73.99987047631816,9.318855230791971,195.3045220788094
V867,2023-11-29 18:17:00,40.69615827014834,-74.0295364039969,13.449743142024362,246.88743312415707
V245,2023-11-29 18:22:00,40.69387638106683,-74.01612457152744,113.69034223077182,208.30882795388112
V392,2023-11-29 18:25:00,40.70505541031229,-74.0020289376355,74.04518746340484,90.61202012407618
V043,2023-11-29 18:27:00,40.709184007192185,-74.00759939787757,82.9354663298559,109.69710293538527
V675,2023-11-29 18:31:00,40.70600406957456,-73.99150152474638,31.309030707438083,140.72984932691196
V134,2023-11-29 18:31:00,40.69847264510066,-74.0065609947334,16.935433562281016,294.27282307833667
V791,2023-11-29 18:33:00,40.703088293351755,-73.99927363281432,49.11559809488645,143.68904784256986
V955,2023-11-29 18:33:00,40.71430818206333,-73.99307353978988,119.11026245967524,151.47236933829416
V983,2023-11-29 18:35:00,40.71124964191882,-74.00691267019727,90.28395670516919,339.696914104872
V328,2023-11-29 18:35:00,40.73523601894583,-74.01775834987939,50.013809685543535,204.75969058757045
V938,2023-11-29 18:36:00,40.70788269891987,-74.01859596168799,29.08878049883822,227.90667788254262
V717,2023-11-29 18:37:00,40.724283505806916,-73.99781160627401,79.06997198211813,143.14958606816998
V857,2023-11-29 18:39:00,40.71306738382675,-74.01502071971413,103.92930867762281,293.61009005955515
V597,2023-11-29 18:40:00,40.69660640017103,-74.0034120243266,89.16274710398972,66.7156099426494
V705,2023-11-29 18:41:00,40.716838960208364,-74.02405936262603,87.86061547566908,86.96459271425609
V203,2023-11-29 18:41:00,40.72798759336964,-74.0133939530251,32.92419481051576,251.23103347201626
V574,2023-11-29 18:43:00,40.69970587853669,-74.00063012085543,104.02999522845387,159.90027757636258
V442,2023-11-29 18:43:00,40.714446438095266,-73.99224774579554,20.204127406778248,280.3460052625639
V579,2023-11-29 18:44:00,40.71311267547028,-74.01124741954962,116.65366751090579,97.65590640629928
V389,2023-11-29 18:44:00,40.724252621730194,-74.00083492555719,68.20632321851504,89.97890957355506
V143,2023-11-29 18:45:00,40.718769064812484,-74.01612673123769,38.97430292851543,317.83802121641725
V825,2023-11-29 18:46:00,40.71473213553234,-74.01726589425871,111.24598378251918,286.1744052044135
V538,2023-11-29 18:48:00,40.71453711852987,-74.01273664171309,71.44839397635361,319.0913237914924
V634,2023-11-29 18:50:00,40.699069464639585,-74.02474313496741,5.359058923133415,356.5986241785136
V265,2023-11-29 18:50:00,40.70140991806883,-73.99786547754886,36.45499090284448,250.64937225695144
V287,2023-11-29 18:50:00,40.71610532743235,-73.99611759426257,6.147408477868779,142.46157557525115
V605,2023-11-29 18:52:00,40.70876811693151,-73.98411381321178,1.6471254391655732,338.17237012371
V415,2023-11-29 18:53:00,40.72880267818749,-74.0240525168863,88.17280766751472,244.50563977326354
V726,2023-11-29 18:53:00,40.71848007359227,-74.00144580009064,20.411641462318872,181.68673442905506
V779,2023-11-29 18:54:00,40.715266489552526,-73.99787666410658,48.64025779584968,265.0226885777896
V146,2023-11-29 18:54:00,40.70479917523915,-74.01969391124047,14.341874204046645,314.3682426030303
V786,2023-11-29 18:54:00,40.7149301716743,-74.00774823371617,28.88026760798624,335.26151428347123
V615,2023-11-29 18:55:00,40.71492587046438,-73.99961975966505,30.284317644299577,138.6829608091858
V829,2023-11-29 18:57:00,40.704647243388635,-74.0164481631938,0.2353538289706103,196.1135489904293
V235,2023-11-29 19:01:00,40.731019150978604,-73.99790259269186,16.489731168038865,24.69585272543857
V551,2023-11-29 19:03:00,40.70281151203905,-74.00459189348122,36.40273252961834,269.146384288414
V718,2023-11-29 19:04:00,40.70369149622361,-74.00459504092561,62.713157625864,293.96018895498753
V732,2023-11-29 19:05:00,40.722939721541124,-73.99145964251161,49.57563932628346,38.20246165068471
V925,2023-11-29 19:05:00,40.720572769637684,-73.99076228802383,74.29713909760494,267.86860186431886
V811,2023-11-29 19:06:00,40.713665831801656,-74.01513121537569,110.91292015369449,277.0447211907202
V840,2023-11-29 19:10:00,40.7141545466319,-74.00023044106601,115.16075177393245,213.26565470669848
V308,2023-11-29 19:13:00,40.709047775992396,-74.0011306269506,32.63477217100209,150.5635510925081
V618,2023-11-29 19:14:00,40.71558081047968,-74.011896977957,38.435307595502756,20.88556458002646
V782,2023-11-29 19:14:00,40.69911754904662,-74.00087733273175,67.82944293397284,324.7200509854412
V456,2023-11-29 19:15:00,40.7033106718915,-74.00025391082707,114.85658669366558,5.085703814518845
V852,2023-11-29 19:15:00,40.718889623416544,-74.01599430016562,105.41043046569102,45.89535888438632
V514,2023-11-29 19:15:00,40.71931781261701,-74.02105911351572,40.614107779202435,117.45519182287191
V426,2023-11-29 19:16:00,40.70693679974789,-74.02058940730598,70.93103558227381,165.44293787803088
V179,2023-11-29 19:16:00,40.72604358749996,-74.01251656209058,4.014855338467811,157.83002164920032
V140,2023-11-29 19:18:00,40.71608301295001,-73.99886983770288,37.91881872485333,76.17031255521316
V044,2023-11-29 19:19:00,40.72344585136128,-74.01431957493217,62.35037290288286,314.1228087106504
V971,2023-11-29 19:23:00,40.72537744217496,-74.01540156591872,96.85807523423495,357.85970152730755
V965,2023-11-29 19:23:00,40.71318127384095,-74.01600760490248,47.42324646949846,88.09688022232211
V481,2023-11-29 19:24:00,40.70676160447204,-74.00087437768573,4.190411512946164,263.1107032915876
V650,2023-11-29 19:26:00,40.71838081880619,-73.98640437994794,76.32221954615144,94.3038628060471
V664,2023-11-29 19:26:00,40.70458450174397,-74.02793683351695,102.62380659369667,83.64156532850795
V378,2023-11-29 19:27:00,40.7075835849003,-74.01443615606536,49.68184617301813,139.30826658895973
V991,2023-11-29 19:28:00,40.71839298981391,-74.00928727692737,16.108104577771908,159.67671896099404
V052,2023-11-29 19:28:00,40.71458792865733,-74.01339935852965,46.936285454801585,114.51828962559173
V189,2023-11-29 19:29:00,40.70990994789046,-74.00647277715696,38.01599733083512,58.47172667260109
V059,2023-11-29 19:29:00,40.70132389055157,-74.01741901419204,23.11797147259776,239.05633455009408
V910,2023-11-29 19:30:00,40.72982570152242,-74.01163309359264,44.30171329190752,330.4463204091255
V530,2023-11-29 19:31:00,40.71616015742662,-74.00249734080438,92.99347697307735,326.32838273628084
V622,2023-11-29 19:31:00,40.706367423982115,-74.00810188813797,46.774973392895156,216.20024141984635
V446,2023-11-29 19:31:00,40.724510410646204,-74.01460509747109,30.686376504952726,193.1135601963052
V944,2023-11-29 19:35:00,40.72994831608676,-74.0135575076044,73.0603547053307,271.8338562740815
V187,2023-11-29 19:38:00,40.72203796560314,-74.00800907533201,84.81428658356931,125.15462626331777
V042,2023-11-29 19:38:00,40.71135433183066,-74.00598751544211,119.48552206707667,275.9083142248089
V074,2023-11-29 19:39:00,40.72843404745029,-73.99911103333392,21.954232743039874,330.73719460481465
V500,2023-11-29 19:41:00,40.724816978556674,-74.0007837477276,116.63673928263054,102.89482347648122
V099,2023-11-29 19:41:00,40.716826255311304,-73.99416880442668,91.53436166675871,263.8778095899777
V019,2023-11-29 19:42:00,40.73626647030527,-73.99699945757236,114.78379084454006,20.271961684449778
V367,2023-11-29 19:42:00,40.708784424555006,-74.01033554332733,41.646061127085616,224.45280219768748
V352,2023-11-29 19:44:00,40.704177330002466,-73.99745357271287,66.75088219000563,110.85705096313174
V348,2023-11-29 19:46:00,40.70742416631442,-74.00634475046088,88.3888035650666,240.4794513680703
V418,2023-11-29 19:49:00,40.708765408165796,-73.99822392718657,18.77001050689366,188.27447950044848
V129,2023-11-29 19:51:00,40.71564314518998,-74.01010218692781,31.43437796433531,172.49008291497893
V915,2023-11-29 19:52:00,40.71307762131626,-74.00797787451673,109.12261349571347,21.825752722278402
V846,2023-11-29 19:53:00,40.71615105620196,-73.99587739489935,32.81446987412401,343.6744186000128
V855,2023-11-29 19:53:00,40.70222526352199,-74.00556004488556,56.03611076377297,12.777446730956958
V774,2023-11-29 19:54:00,40.71255450576358,-74.00095656424837,62.34999507783658,330.18031839218935
V283,2023-11-29 19:56:00,40.73054658560974,-73.99920432134235,104.1251962172391,52.129069515651096
V762,2023-11-29 19:58:00,40.70772965230235,-74.0288549944879,42.65622328151415,227.56368128366813
V439,2023-11-29 20:00:00,40.70796750457521,-74.00089125178107,117.4993207462056,69.68307937299616
V696,2023-11-29 20:00:00,40.71027289327959,-74.01379923248925,17.11097215333897,263.59773576743186
V968,2023-11-29 20:01:00,40.71007723898855,-74.00789417928812,32.32689964133901,26.03561733388295
V581,2023-11-29 20:02:00,40.726354427025946,-74.00497821673056,69.27280036330188,4.527306314502844
V045,2023-11-29 20:04:00,40.703421197688485,-74.01198150452517,96.61996679475163,22.5203994466355
V946,2023-11-29 20:05:00,40.71452339139229,-74.00941982277683,66.848099259341,220.15741696839157
V435,2023-11-29 20:09:00,40.70769073818768,-74.00192869668916,28.266802440634862,96.18647728102762
V237,2023-11-29 20:09:00,40.71700918284176,-73.99505833008556,6.385965499428883,83.59057666716295
V836,2023-11-29 20:13:00,40.72166864686583,-74.01554942757618,39.540433925573396,288.090429371067
V061,2023-11-29 20:14:00,40.7183596267971,-74.0213292105343,78.41896941564406,115.65458520571508
V680,2023-11-29 20:16:00,40.718075973827744,-74.00296988949543,114.33834145440773,262.04231582075647
V338,2023-11-29 20:18:00,40.69830882389263,-73.98981540675769,13.905811041079943,3.2062175611047117
V384,2023-11-29 20:19:00,40.71220071997329,-74.00091700814406,107.91092552344604,76.03423912623481
V845,2023-11-29 20:20:00,40.70695906453205,-74.01345023216808,3.941201484444874,61.784892160864985
V194,2023-11-29 20:20:00,40.71811178366536,-74.01399786138386,64.78687327327684,110.14731212541632
V648,2023-11-29 20:20:00,40.73820231620759,-73.99593892932903,39.439919373453364,306.68972711476846
V094,2023-11-29 20:21:00,40.70601904539214,-73.99233939931597,51.73299535057978,239.85821965423838
V156,2023-11-29 20:23:00,40.71189756150334,-74.02207676579043,18.268552627566216,265.1327133781655
V496,2023-11-29 20:23:00,40.7221610755011,-74.02610782268586,96.09367306859141,114.84075436061276
V132,2023-11-29 20:24:00,40.698500087413144,-74.00557220280116,33.63756155849911,28.078789342000576
V775,2023-11-29 20:27:00,40.70444143932519,-74.01743980699598,113.3235293146814,235.5345751071594
V368,2023-11-29 20:27:00,40.7081152395532,-74.00562003986546,75.91770440511209,100.17843716561492
V758,2023-11-29 20:28:00,40.714512435451525,-73.99861392971007,73.28432165503213,319.0408987613354
V491,2023-11-29 20:29:00,40.7194596714607,-74.00488127603104,80.03278315061384,270.4627177208305
V417,2023-11-29 20:29:00,40.708677282453955,-74.01121696524947,49.20618256547738,213.4431944643656
V064,2023-11-29 20:30:00,40.713847140294334,-74.01558374480227,63.01916759915985,18.364691905900735
V117,2023-11-29 20:33:00,40.699315869122444,-74.01618279325567,103.65926511661921,319.6885868161329
V720,2023-11-29 20:34:00,40.716158447214056,-74.00165211194539,74.1204029204776,162.57346670639583
V016,2023-11-29 20:37:00,40.71526147788685,-74.00521485974826,14.631958490387508,6.078162394442104
V111,2023-11-29 20:38:00,40.705600594678586,-74.02457483271594,75.81232805407342,295.88240399815277
V882,2023-11-29 20:41:00,40.71010610221549,-74.00056546560417,104.70631082063863,77.93565180510198
V777,2023-11-29 20:43:00,40.71176787248538,-74.01830546045646,106.03693015116453,63.18122906718266
V997,2023-11-29 20:43:00,40.708125589903744,-74.00008273024848,78.68305748148964,213.86877820042176
V411,2023-11-29 20:45:00,40.70360349309937,-74.00288875553906,34.1006468724406,132.7020382676967
V918,2023-11-29 20:47:00,40.71736363363481,-74.00519280109566,17.512475269574978,210.3958190569181
V969,2023-11-29 20:47:00,40.707902749776274,-74.0140755404155,73.91179374339244,203.3336731302855
V547,2023-11-29 20:48:00,40.72628035780425,-73.9989535727925,106.09763221136942,279.63510057188796
V640,2023-11-29 20:49:00,40.709643968766144,-74.00661494764284,65.15834847700658,225.7663042976249
V870,2023-11-29 20:49:00,40.72059051220133,-73.99080996720063,105.69226630841985,18.191840648347963
V196,2023-11-29 20:50:00,40.710082284335094,-74.01189386701978,86.47710563002889,318.2718570985831
V941,2023-11-29 20:51:00,40.71727212087455,-74.01291019813175,70.7563875701044,338.1168030911587
V460,2023-11-29 20:52:00,40.708586724126754,-74.0082295918297,85.7971595551388,148.53732644138145
V951,2023-11-29 20:58:00,40.695567717492835,-73.9958526230517,3.548862138780935,70.09826898644339
V589,2023-11-29 20:58:00,40.6962465596169,-74.00644599392726,4.507633546648946,125.26649753359071
V241,2023-11-29 21:00:00,40.7318506364056,-74.02284728958874,76.99124812747941,100.26370831612101
V124,2023-11-29 21:02:00,40.71191624476801,-74.0215693393251,52.534229863170374,112.67667999964718
V764,2023-11-29 21:05:00,40.7060440617237,-74.00637907061184,54.86112996948781,192.61126443102492
V688,2023-11-29 21:05:00,40.72104618219639,-73.997267269517,115.39885553165618,91.5215802572768
V482,2023-11-29 21:05:00,40.70130445936743,-74.00959116595065,68.029820552668,302.6641055656575
V191,2023-11-29 21:08:00,40.701339995734926,-74.0138468741143,64.87241023492945,280.03689117255425
V566,2023-11-29 21:08:00,40.718283281304984,-74.01635747726195,89.88437963551594,167.17212876002665
V327,2023-11-29 21:09:00,40.696975055220186,-74.0078844908213,27.365531779790274,269.20240726000424
V632,2023-11-29 21:14:00,40.71364968137038,-73.99860695466867,78.29146305423026,139.22724099153493
V114,2023-11-29 21:14:00,40.7232909318792,-73.99721696242267,59.57160385160701,358.49258261397836
V233,2023-11-29 21:16:00,40.720506730544635,-74.00224072574233,35.11704596885235,132.04087903872386
V889,2023-11-29 21:19:00,40.72810932351029,-73.99734474809328,23.169428851609997,301.3754415437232
V279,2023-11-29 21:21:00,40.70085013194731,-74.01047914838415,29.04730016909493,215.31143428287916
V876,2023-11-29 21:25:00,40.69833059665244,-74.01004352219624,19.232451444501194,322.66058660176054
V164,2023-11-29 21:28:00,40.70484499449947,-74.0139959349967,61.94767728223337,58.49118122678839
V092,2023-11-29 21:28:00,40.71417689825903,-74.00389640633371,108.89037587440266,190.63044909086778
V178,2023-11-29 21:29:00,40.71657910101739,-73.99199310965557,91.66420532402229,205.04488828040678
V165,2023-11-29 21:30:00,40.70713560146268,-73.99088360650116,84.10466628520194,259.59215389370183
V183,2023-11-29 21:31:00,40.702651740922654,-74.0074244786879,49.74559406933368,90.38522632992728
V272,2023-11-29 21:31:00,40.716846954556146,-73.98970499956768,2.268128191651644,203.45304189712854
V995,2023-11-29 21:31:00,40.71957557033588,-74.01845658132865,72.8784414678339,145.59814840294277
V920,2023-11-29 21:31:00,40.71171996163219,-74.01712905894871,95.87448210706387,131.00139875590307
V698,2023-11-29 21:34:00,40.719363907508594,-74.0072915348246,80.01054514913373,326.35113068570564
V771,2023-11-29 21:35:00,40.71979136153719,-74.0085665013548,39.072263895931385,347.17291197548803
V470,2023-11-29 21:36:00,40.71068794016369,-73.99595580807738,54.22161978211088,16.263568781871427
V127,2023-11-29 21:36:00,40.71347492257241,-74.01797427695638,81.06391179234684,131.49846532941936
V636,2023-11-29 21:37:00,40.72037468330061,-74.00117919391327,110.46568591934665,106.17018388981215
V805,2023-11-29 21:37:00,40.71884136740443,-73.99617673016199,27.60621716339437,347.351126995409
V362,2023-11-29 21:37:00,40.70827649724431,-74.0109660820973,86.67172534224939,334.59311735338804
V510,2023-11-29 21:39:00,40.71716638474629,-73.99566043013188,39.042262408904605,350.9080578000768
V894,2023-11-29 21:44:00,40.70841525541965,-74.00226825281747,17.38961943172086,319.56192004201614
V273,2023-11-29 21:45:00,40.71471450872024,-74.01377228042155,88.61951155981409,35.18953674967858
V479,2023-11-29 21:46:00,40.684777972016086,-73.9966141486375,100.9504876836054,153.02336882882977
V318,2023-11-29 21:47:00,40.724317339747806,-74.01088566220754,17.102493996299156,358.877683681719
V396,2023-11-29 21:47:00,40.70457171675706,-74.01517984306004,61.25258113615792,21.52239694120869
V254,2023-11-29 21:48:00,40.70769970460245,-74.02031797778065,111.57291166692052,192.798047535084
V486,2023-11-29 21:48:00,40.718903917643054,-74.01147355574298,76.18556467550167,59.195768284002924
V268,2023-11-29 21:48:00,40.704020293834645,-74.01488188211086,75.08530878231105,75.05939537566941
V445,2023-11-29 21:50:00,40.71669093968866,-74.00494165356383,62.042807300388354,294.7917843047154
V295,2023-11-29 21:51:00,40.69833422109964,-74.01969859501953,81.5756088271113,335.342255802324
V408,2023-11-29 21:52:00,40.70311813936093,-73.99177395251031,74.8431648314591,35.62403445285038
V923,2023-11-29 21:52:00,40.7063927427581,-74.00992820603547,9.405802764232657,340.3512543093237
V434,2023-11-29 21:55:00,40.728685306910975,-74.01704690147206,38.984679958516914,83.56027247301573
V838,2023-11-29 21:56:00,40.71680530684599,-73.99589572446874,37.565456662380974,22.027998317041654
V913,2023-11-29 21:57:00,40.717270241568855,-74.0077360823572,62.98559905540825,169.8881827587372
V167,2023-11-29 21:58:00,40.71549024073176,-73.99898216627884,99.78701172468487,80.24142491207802
V975,2023-11-29 21:59:00,40.72735807951837,-74.00359003267955,21.168408627912882,356.51022240516807
V536,2023-11-29 21:59:00,40.709552697349174,-74.01001763742127,89.75407443038519,246.33829625552502
V119,2023-11-29 22:00:00,40.70979216123524,-74.00392782606589,73.51009254231005,357.70482326646055
V144,2023-11-29 22:01:00,40.70292713306542,-74.01627296877075,80.30317542024753,240.03441448868435
V803,2023-11-29 22:02:00,40.72082051738741,-74.01603265756904,15.393972772583941,126.8698849094588
V355,2023-11-29 22:04:00,40.72888522155949,-73.98135678066485,11.420189606038065,81.28796828057291
V325,2023-11-29 22:04:00,40.71785386938578,-74.0243817673967,10.044025105733304,40.273938661127715
V585,2023-11-29 22:05:00,40.7130750970203,-74.0125971124721,49.497654951653864,18.287150365252188
V497,2023-11-29 22:13:00,40.72089180296853,-74.00992567257966,109.08161721283652,101.54862325776516
V231,2023-11-29 22:15:00,40.7147286395555,-74.00347729219388,111.93674189786667,143.52739908880392
V893,2023-11-29 22:15:00,40.70974047424902,-74.01994679641592,16.282212595628227,340.2674478306815
V399,2023-11-29 22:16:00,40.70307597110648,-74.01073360925503,88.07980077754914,353.5907925924144
V646,2023-11-29 22:19:00,40.71757068092357,-74.00632996480265,18.71045809929473,340.1565477913119
V370,2023-11-29 22:20:00,40.70953681537842,-74.01367948591736,94.77113237115032,173.83238238294567
V649,2023-11-29 22:20:00,40.72206558300967,-74.00644044897376,3.0846278459457332,62.71976297234024
V068,2023-11-29 22:22:00,40.694619223696165,-74.01080845340873,18.612971179277253,274.3861679980469
V056,2023-11-29 22:22:00,40.71692870820446,-74.00502249197578,81.13680981767163,315.9405531312083
V985,2023-11-29 22:23:00,40.70784204505455,-74.00037986894085,102.83814683602787,299.710676672082
V343,2023-11-29 22:24:00,40.72246768011166,-74.01906521522923,92.88635110134422,197.23467595020458
V307,2023-11-29 22:24:00,40.72012424009755,-74.00787794921975,79.78289708595601,307.67393929635136
V815,2023-11-29 22:25:00,40.72149006342819,-74.00656979054978,34.76180012001508,65.40237414144319
V361,2023-11-29 22:28:00,40.698335789360165,-74.00868009783399,15.51114566886997,270.34504536581716
V818,2023-11-29 22:30:00,40.71304290914138,-74.01499112938427,53.17831950695418,1.8133718210765348
V317,2023-11-29 22:31:00,40.685026408545724,-74.00921258937058,1.3604133042216304,286.2388602569924
V694,2023-11-29 22:33:00,40.7149839707313,-73.99575835067228,4.876084796604014,30.463476751440854
V464,2023-11-29 22:34:00,40.732270986428205,-73.9978452803076,15.80466749422811,269.0463250848399
V642,2023-11-29 22:36:00,40.72170671681432,-74.0255367856262,12.368250080928256,4.5968499046469935
V767,2023-11-29 22:38:00,40.7131811800018,-74.01225245922558,29.11278172592897,207.66268211057428
V306,2023-11-29 22:40:00,40.71820094460525,-74.01584209002273,83.7164257818565,201.3185457990865
V909,2023-11-29 22:41:00,40.7146970261208,-74.00806974474924,5.096303724774689,133.75636935606514
V556,2023-11-29 22:41:00,40.72598551018091,-73.99610320558064,38.60693039123723,191.69480982457986
V453,2023-11-29 22:41:00,40.71434668833646,-73.99522962527053,91.83099125414967,164.7475568402912
V176,2023-11-29 22:44:00,40.73049921388197,-74.01683426660264,45.11549175752506,268.1369837696854
V816,2023-11-29 22:45:00,40.71464181264704,-74.0099618544475,88.24762670232393,53.56097083858857
V715,2023-11-29 22:45:00,40.704448073098085,-74.02100328375978,68.73366975322355,210.798082251436
V700,2023-11-29 22:47:00,40.70323741577568,-74.02261848367218,73.1236364705681,60.39560909318075
V912,2023-11-29 22:49:00,40.70816978245891,-74.00631911075634,16.64502097278412,184.4004404081709
V139,2023-11-29 22:49:00,40.704197375480426,-73.98876303724333,72.11193444237074,182.8148643223759
V814,2023-11-29 22:52:00,40.698884947305956,-74.00939454321465,13.437576814183583,289.37322913941705
V040,2023-11-29 22:52:00,40.7089797455105,-74.01704123985799,35.70225353452393,124.70199684576637
V784,2023-11-29 22:55:00,40.70339729764043,-74.01093926707085,62.33626331236664,260.3134996791908
V204,2023-11-29 22:55:00,40.7010883953855,-74.00975959965972,114.26983464860473,161.3026285638817
V896,2023-11-29 22:55:00,40.7032074460736,-74.00749589501667,87.22210599807484,311.12185459306966
V552,2023-11-29 22:58:00,40.7053986320926,-74.00126511738334,15.624595465284305,324.12180337402657
V905,2023-11-29 23:01:00,40.699152417699175,-74.00397118955557,23.382041553422805,148.74608497622538
V224,2023-11-29 23:02:00,40.7195838009884,-73.99472043375067,29.010061909132368,79.56018239742043
V736,2023-11-29 23:02:00,40.72289711854812,-74.01320001431291,90.5845546214348,39.00590440662932
V221,2023-11-29 23:03:00,40.708241746522006,-74.01474662521989,45.16097498284876,24.6150865867458
V274,2023-11-29 23:03:00,40.72160511199177,-74.00900003576938,22.590382698620395,196.94764883033704
V799,2023-11-29 23:04:00,40.71746379574382,-73.99423213037616,101.1325626414632,46.772951981535144
V535,2023-11-29 23:08:00,40.71251471130166,-74.02142921447154,3.6604464170854545,76.20971098073139
V874,2023-11-29 23:09:00,40.70549642904442,-74.00325583004718,115.75847914020862,74.76808871475552
V150,2023-11-29 23:09:00,40.71331820389483,-74.02265956076798,15.584433548736435,346.2007888594092
V135,2023-11-29 23:11:00,40.71367531470922,-74.00061562999646,14.878668999277401,101.5925188728351
V573,2023-11-29 23:18:00,40.69797116642426,-74.00901094786524,13.605908547786285,139.59653112785034
V800,2023-11-29 23:21:00,40.71185607493589,-74.00892594207158,66.85533669619406,355.2244045778612
V978,2023-11-29 23:21:00,40.691561099819545,-74.01780285606351,62.497366798683544,296.3653689448757
V217,2023-11-29 23:21:00,40.7133517135478,-74.01565953858842,4.841522318200777,151.38941810904504
V666,2023-11-29 23:25:00,40.71811974639007,-74.01490729183061,111.07616830626051,282.99085195829844
V539,2023-11-29 23:26:00,40.71846545315818,-73.99802086803433,8.691917400541929,161.39292802575372
V354,2023-11-29 23:27:00,40.70327355047185,-74.00823426112194,46.91247661827137,154.80974547073345
V738,2023-11-29 23:27:00,40.713814071466686,-74.0181421728136,46.274383393278114,244.1264133088236
V360,2023-11-29 23:27:00,40.693214510448634,-74.01391756515643,113.2417834105204,21.611829705935406
V133,2023-11-29 23:28:00,40.71218361947828,-74.00098200246192,67.47915716414751,273.2287891797932
V097,2023-11-29 23:29:00,40.7226531750894,-74.00885959151485,37.16335791174262,74.99181115379625
V182,2023-11-29 23:30:00,40.723845784735715,-74.00471463683144,75.3989979102089,236.50681347188817
V560,2023-11-29 23:33:00,40.7116577444855,-74.01574167435044,22.74365161089132,336.70814701916214
V020,2023-11-29 23:33:00,40.70000838892972,-73.9879775777021,47.298511924959705,354.43772435442594
V244,2023-11-29 23:35:00,40.70924971268945,-74.01532570229897,24.86425785629567,284.86211632217544
V853,2023-11-29 23:36:00,40.69688552124542,-73.99806119637692,107.83511459014892,234.48936539191715
V258,2023-11-29 23:39:00,40.706862225522215,-73.98865427825076,32.259787763190026,224.33338528282607
V885,2023-11-29 23:39:00,40.70357176685003,-74.01122578541532,76.27012100434922,128.75880679158098
V300,2023-11-29 23:40:00,40.70181429272445,-74.00234408539775,108.33618715050058,95.44508536363374
V769,2023-11-29 23:41:00,40.69587629562526,-74.0004495205759,66.5410076763976,311.37748152937843
V614,2023-11-29 23:42:00,40.71868224929118,-73.99806992929302,69.30488528662067,110.61472698196702
V737,2023-11-29 23:48:00,40.70274688127651,-73.99357506087182,94.80953138869269,219.47515149872766
V162,2023-11-29 23:49:00,40.71249063742726,-74.00225844914029,12.933136325715285,188.65831016087535
V315,2023-11-29 23:50:00,40.70939307656122,-74.0317905074519,53.78432684898555,245.59767094662718
V459,2023-11-29 23:55:00,40.720487706444,-74.01196917111783,82.26083824540693,150.22962005436221
V553,2023-11-29 23:55:00,40.707145021936256,-73.9874475379058,65.44802596262763,214.61160125103265
V557,2023-11-29 23:55:00,40.710407034088576,-74.00014149194182,94.86400024892842,86.19386185379773
V582,2023-11-29 23:55:00,40.7088185187125,-74.0009500527822,44.00497675311931,51.40759208691982
V766,2023-11-29 23:55:00,40.73322072149827,-74.0032376014798,10.092221190272532,221.87571426886387
V032,2023-11-29 23:57:00,40.72248882638563,-74.01309854182146,7.8698514804483555,197.90104040691142
V214,2023-11-29 23:57:00,40.71811042506978,-73.99534073181283,43.47105848786603,242.45750329328826
V331,2023-11-29 23:57:00,40.69164943984812,-74.00636597292916,51.72416073679464,177.66235863930106
V663,2023-11-29 23:58:00,40.7027396314208,-74.00425626951298,4.573905028553682,146.78340593157773
V692,2023-11-29 23:59:00,40.71063656021705,-74.01466168799007,56.199800030078784,309.769158872316
V292,2023-11-29 23:59:00,40.71759095224098,-74.01175255994806,115.34045302598348,209.69048649685567
