Length,Weight,Color Uniformity,Hardness,Cluster
7.351839255185739,49.592732454387196,20.978737984105738,5.400157208367223,1
8.45832594163837,48.30696873334067,20.95008841752559,4.022722120123589,1
9.362253394321195,50.81652690128417,20.14404357116088,5.410598501938372,1
9.17408483309725,49.507759160471515,20.443863232745425,5.121675016492828,1
9.133137437033668,48.27904169773194,20.3130677016509,4.794841736234199,1
12.582036546318488,51.839871525912045,20.864436198859504,5.653618595440361,1
8.127926760282453,47.94074291025662,20.045758517301447,3.5456343254012355,1
8.483493002171736,48.86165552177391,20.154947425696918,6.4693587699002855,1
10.690670526013449,50.84701949511743,19.652087850673848,3.019203531776073,1
9.085688391738211,48.78338564116287,19.612673182592047,6.202379848784411,1
9.932685807345704,51.88346120257749,18.293729809374987,3.579982062821025,1
10.05262655857514,50.83011691440705,18.747204639950073,4.561925698388814,1
11.20422528616858,51.59112778402784,19.104533438806325,4.787259719786031,1
10.22820429025304,50.65653616078346,19.971817771661346,3.819367815877588,1
10.123764978620567,49.761023812633425,19.365677906319036,5.302471897739782,1
11.44550913198007,49.719226529648395,19.186853717955547,4.640446838459459,1
9.614953325749891,50.07773558127567,18.369801653033957,4.598219063791738,1
10.721251976989253,50.850234887746666,20.729090562177536,5.051945395796139,1
9.355655107566278,48.67084501662597,20.40234164117755,3.7651741796463476,1
10.726049781619704,50.78221512384945,19.688447467872628,4.421150335235584,1
11.777171204472392,50.24092751819517,20.46566243973046,5.9008264869541875,1
8.801098210841264,48.62117337502892,21.17877957115965,6.895889176030583,1
10.3160764362057,51.538521506588125,19.59682305302682,6.054451726931137,1
9.466341993916817,50.172915162108765,20.3563663971744,5.9766390364837125,1
9.789912033593156,50.19190139703786,20.12691209270362,6.785870493905835,1
7.884445303115905,48.85384201127392,18.729515001514265,3.6522409388575534,1
11.389682076323345,50.642227264882585,19.586381019240253,6.943621185649293,1
7.881661025925565,48.78770568420095,21.86755896042657,6.480514791434424,1
10.344615123750831,51.147071519547225,19.73199662904862,6.910064953099034,1
8.718552396339872,49.6407590679064,20.61407937034608,4.8449899069091655,1
9.01081297904266,50.33719887572969,20.298238174206055,3.9005992094158053,1
9.676881546939878,51.52614527541922,19.564846448278363,4.85036545967233,1
9.148151065950236,49.687400257242054,19.230083925554684,5.407461836241111,1
10.245772567257589,50.92220586220409,19.36415392162112,5.031830558274351,1
10.047188459587899,48.95412695085739,20.396006712661645,4.791701244422005,1
10.973951240423428,51.60898267731554,20.166673495372528,5.439391701264537,1
7.377627940023753,48.494644228119604,19.08717777455584,5.944479486990414,1
10.282937885706492,51.99628060735586,19.93175839467537,4.538415395185291,1
10.97671573866596,50.31323745230385,19.901547475574567,4.173561461340985,1
9.243214693011875,48.805394648267445,18.852531347588897,3.9200684916365764,1
10.387533133515962,50.47508437490115,20.94942080692576,6.929532053816986,1
11.833643838395496,50.28887274161789,18.999784652610437,5.8443629764015474,1
8.811772192898644,49.13049984584167,20.92085882378082,5.3169426119248495,1
8.917165664211291,49.59876018249292,18.965757158215535,4.3489744066998535,1
10.687033599307943,50.704512758332996,19.544467496482657,4.310450222249799,1
11.418269296042745,49.19486614381832,19.35638159716711,3.625048706581981,1
9.432451140534962,49.48461621979594,18.895616660571548,3.397942344393252,1
10.506954907899225,50.774005777248405,18.707143090276553,6.543014595406736,1
10.119793084128382,49.94824675290614,20.523276660531753,3.8319065022588026,1
8.663345801529973,49.999873750966366,22.16323594928069,5.823504153963731,1
9.992088984912687,50.647352715635286,21.099659595887115,4.760620822424074,1
9.814645291239028,49.07661438203334,19.975673875601064,3.383043955689166,1
9.598969078488732,49.91618729368003,20.910178908092593,4.901849610357042,1
9.524044855708853,49.113995162506306,19.05555374408175,4.533580903264057,1
10.035868686617254,49.993611534956614,22.25930895069085,5.379151735555082,1
10.587131918160742,51.06861339193421,19.536404025353907,4.654018224300613,1
11.218278838484126,51.4504598746844,20.156506537965374,5.063261994200332,1
10.763950831493759,50.27063094813156,18.575939091017467,4.762078270263993,1
10.079532778111398,50.86073087982139,18.84381756817809,5.416050046261425,1
8.367284401392137,49.044192436422385,20.426258730778102,2.9300149749864675,1
10.700932097141886,50.403141217740156,19.867119422413044,4.602728185671202,1
9.727803785275253,50.80742237731207,21.15233156478312,3.3239961936700233,1
10.992288095907684,50.41650012609462,20.52106487645276,3.533575672197486,1
9.52969038258864,50.224439526244645,20.691538751070187,4.680671582854905,1
10.323196073115254,50.933575452222456,18.41706160266492,3.6166360446049444,1
11.055865966900054,51.00329867063051,19.403685961549492,4.493183645701312,1
11.632656457175544,51.721078544220205,20.523891023834206,5.188778596793829,1
11.655531700589492,48.882938944162845,20.39904634564013,5.097400166268783,1
8.50160694107404,48.11065356588644,19.34759141761298,5.390093322687926,1
8.540160647226262,50.604653508585585,17.969315532218506,4.8838960609656334,1
9.327542490191451,50.86391954443725,19.307950152215607,6.0201727117158,1
9.146446446364587,50.35759173604729,18.954746633853045,5.608843834475451,1
9.643113504751314,49.162086386290525,19.37191244035842,6.301846229564998,1
7.436303930301206,48.573195292903904,19.86405029932168,3.9399841772784527,1
9.730339751451162,50.10039563929868,19.600550970737125,5.5829536797532935,1
11.471574546327714,50.79139634233086,19.88183595487143,6.658130679618188,1
10.09625407520697,48.749536569409415,18.665741528597245,4.539280212611446,1
8.860302922318594,49.93804672829486,19.866298440331562,4.840426561853733,1
10.928683981364749,51.02303557068182,19.615120190818725,4.269322247135175,1
10.090174186277686,49.982868909986514,19.938373597904352,4.713112807610092,1
11.068653222658384,50.17773813966286,20.27451635772394,4.187007011445923,1
9.873937307013698,52.13066080431191,19.842332983836183,4.687707748874307,1
11.204760818547268,50.01581586334353,20.747188334204633,5.943260724969495,1
9.027183515837704,49.633503040197084,17.340827762003258,3.8161193598066823,1
10.690870453428008,52.35042124961788,19.315989102262783,5.450934461805915,1
9.681682417556946,48.467605014462826,19.312162388971316,4.546614196148612,1
10.303498273032707,50.46020212830507,19.635306455608315,4.719644504815491,1
10.217881423232159,48.78008994943058,19.235856076093558,5.349654456993174,1
9.078875411420887,48.55768609911978,19.347706400064983,4.310550815450062,1
11.285965902205458,51.90632420054897,19.52034418599205,4.522025995959513,1
9.22513587351756,49.565100857318825,20.931848374114303,5.00377088908627,1
10.21100586404952,49.81615635001607,19.8093465064186,5.160928168298223,1
10.728425849860024,49.735302238930444,20.280441705316296,3.871988668529993,1
9.024207556552543,49.5180443328335,20.049494981650092,4.750541419839051,1
9.002783874593117,49.8829627866739,19.79309632383603,3.4293765913665473,1
11.981856199760324,50.95934935612472,17.74443577059781,5.387280475395063,1
10.702462464475978,49.23062745701239,19.01448926231585,3.3432848976780463,1
8.684010830101288,48.46133572958613,20.56729027785267,5.164227755487334,1
10.686826978833505,49.92533476702188,19.708162637252137,3.3835258113489672,1
8.830740117317783,49.68329205677902,21.466578715574176,6.141101866657573,1
10.340303108714728,50.696595926187015,20.766663181645086,3.8841030140396056,1
11.502136431265066,51.5610620204467,20.814519822487867,5.3554817927437695,1
9.760112205487644,50.56041015482767,18.553465300436613,4.192351512383644,1
9.925450408419426,50.60995151527862,21.732721186919132,4.766533338456307,1
8.819061474824071,50.53865078224027,21.519994860765774,5.142061805187236,1
9.133164003394489,49.256885917628,17.905396928793856,5.5822245913979245,1
11.482514511135545,48.742837343945986,20.943046087322518,5.093953229385569,1
11.201491757548995,49.784585644422734,19.533154453947237,5.269904354940762,1
9.090046943128357,49.40486414764418,19.028895429555515,5.276871905846128,1
9.249355814397719,49.32761598955938,20.800564803430998,5.0052926462993605,1
10.245131870267665,50.43942480831343,19.914069233028385,3.840579483600087,1
9.723812585865556,48.759200572131824,20.45741560622099,4.884892531512773,1
10.267652812026666,51.08790064935135,18.945371536014985,4.889610700973113,1
8.588395588804634,50.60943915028943,20.338904125215944,5.279095764392453,1
10.43135006818484,50.380746527223174,20.199300196896466,2.798558714499442,1
10.357515423147298,50.53885385236512,19.56081047819785,4.02117014064123,1
10.832010717557349,50.03889335484968,19.039495618366853,7.412453679543749,1
12.25173041094999,51.71227577757549,17.98359337220024,5.251484415021537,1
9.741540490346528,50.735934881662025,21.73887267745451,4.290272034153112,1
8.609593480882005,49.10559442722597,21.12859406451457,4.117581181450081,1
9.544101662304367,49.11978404132647,19.091236754040946,6.029438828782768,1
8.97640390888264,49.529535973090226,21.513328082573207,2.344380907025067,1
10.21455247327988,49.86460910869078,18.970064716691024,5.2205076557571735,1
9.084088144855215,49.010163478574796,22.69622405256358,6.298021972326222,1
10.60925097696117,50.531396221020316,18.981958124712634,4.485766034060012,1
9.785651893429494,49.551436092084955,21.0963468456658,4.965757719468046,1
11.084784953779462,49.51701722947101,18.367365473765506,4.418731523139675,1
10.333698689809632,51.70866275620262,20.89526027288993,6.301428071664761,1
11.065819659448525,51.24163861274455,19.339943679865918,3.0313753102139795,1
8.696787162980028,50.43945594363566,20.284279670807216,6.047972155968052,1
10.637267853775704,49.74829649568026,18.318781784505568,4.086920781958204,1
9.084155842055672,50.49648354809312,20.936742463535257,4.111279742646369,1
11.851372928856044,52.25287198394633,17.760395941338263,5.864052300497648,1
9.231946577199398,48.64651537292163,18.72031082679576,5.064856106343576,1
10.281532992424799,50.171650213115484,19.797103159233334,4.817755216210057,1
9.055990269264797,50.574251439620504,19.75798017012978,3.7914263462667788,1
11.612705041062883,49.05352037471879,21.078197303714237,4.5561639068448025,1
8.92873544183642,49.025056797757614,20.163928572452587,4.368096241994833,1
8.534875771172649,49.832721561823746,19.32197421843555,4.732405253764652,1
12.428221278734569,51.66664789047801,18.65207457737088,5.020334181705243,1
9.148982048174533,47.367419192468944,20.195069697151382,4.9554045735441425,1
10.322927917812926,50.9398144722062,20.354757693113218,5.196557400728785,1
10.90739822585836,49.07765781485383,20.453781912635684,5.52700420845466,1
10.149881509725823,49.78602269975503,20.58987982073452,5.767902407732704,1
10.131153081711368,51.26423296127109,19.868945988458588,3.881688075678368,1
11.297833174473478,52.082790695713975,18.860197544573225,4.340108270270502,1
10.257349592725614,50.70274284362041,19.78305043006335,4.529362341845209,1
10.12029736172709,50.55934031939913,20.54331189138752,1.9538569452000734,1
10.000510340939996,50.37974587447558,20.351780110681357,3.9159633793280655,1
10.496354963076653,50.31776587098933,19.069843497475677,4.783268529424461,1
11.223659625699009,51.46176277353132,19.055631509175708,5.417318821031835,1
12.047949508201485,50.38724969633222,19.889510594934073,4.40994235413046,1
10.55190039372509,49.24865763961277,18.25764380219077,4.620852437120077,1
9.27356972882442,49.67833154086492,19.86809136022003,5.895555985551324,1
10.559644986804525,49.05264658859025,21.285984007080295,5.329622982127738,1
9.565292686339744,49.26304295588467,19.77574106574836,4.61799104442218,1
9.489415416790727,51.16035844957958,20.183339199257603,3.773803808216981,1
10.10734989490883,49.98987534849072,19.312700962843337,4.998614957264905,1
9.394655762581506,49.79792030274476,19.546195958947997,4.6297575592956575,1
10.115041180618837,51.474989722298325,20.82032179726142,5.252496627076872,1
10.576379434532399,49.580166794161336,21.03440988648152,6.367597239806713,1
11.090909195067079,51.01862218750708,21.028935492594854,4.695036362145579,1
11.680481841802132,49.35988756601139,20.286904488003348,6.552243180048561,1
9.500474790434353,49.950186890666345,20.225608654471102,5.520040614570868,1
10.531070284160515,49.58545448860422,19.629295996779547,3.681604130355266,1
10.758829251190653,50.85672539660328,20.452489092639645,3.7369316508977244,1
9.848525225121515,50.927719953234,19.97657689497855,4.350662072269612,1
12.67799464677579,50.79340880179634,19.45428802598222,5.376876520850892,1
11.488496831251648,51.88155976523174,20.219509555793046,4.087216505864708,1
10.615138603146146,51.011225188102706,21.422983496516107,6.017020991413244,1
10.078466028510254,50.945873439865174,20.75539569566334,6.124419184510368,1
11.373953420912004,49.76307501746207,22.116791021483674,2.1654454947252977,1
9.55635282209622,50.505599295654456,20.330576756274375,7.38074535121975,1
10.755738728425904,51.84648846286041,19.467297208020444,3.2223330452662937,1
9.758893208470267,50.84082842694753,20.197967289944966,4.205363678928501,1
10.704035731990839,51.79867410670293,19.211330745490635,3.789457005876648,1
9.814186181607807,49.779091004738135,20.936445725831117,7.132153410570444,1
8.56442303232788,49.24439787657298,19.295078647492556,5.211497012731878,1
10.65367731468461,50.55239582846721,21.327782695957982,4.709602899196133,1
10.971811180976893,50.419270507560164,21.021790585588672,4.5356623085645085,1
10.527784861544063,50.14229510116846,20.18392549434031,4.489707260366371,1
10.765571018880333,52.008890403335485,19.06721095849356,4.11281905815496,1
9.70409940553437,48.8883078635404,19.49464168273559,5.587259379399826,1
11.562183960088724,49.31686231171732,22.497200391587008,3.948119897448326,1
10.005555251921702,49.01755330942797,19.895656508505308,3.7154477020074728,1
11.086350808897066,50.95336238658747,21.75498615374206,3.859803699065038,1
10.303100672480689,51.02313443182234,20.010349314566298,5.555786964082873,1
12.41065175262229,50.74905346150773,20.77269483710238,5.303603904462001,1
9.201148529320614,50.022554466345426,19.985142296645297,6.696181572828161,1
10.202766310434383,48.63577159957278,20.039766734586497,4.292494302489423,1
10.378533832311902,50.403145957559815,20.7231004937378,5.2656879749662355,1
9.366836107128,49.38611549164108,19.898302725445127,3.8970937870446303,1
8.38753138183633,48.40888260567988,19.50098336200582,4.785833343799916,1
11.69163936623779,49.900311818196606,19.634944783453744,5.192753849065216,1
10.0843045189093,50.01717036429478,18.367576697932016,4.682456906069801,1
9.380928264357209,48.03943153877417,20.61192719273116,5.521303748275714,1
9.375679586635579,49.7983082083444,20.529045238334433,5.148449581380078,1
11.202646699005149,51.15256260472032,19.242129139574836,4.958599188442032,1
11.226643078309454,50.32770092184392,19.141027611555657,6.312470367140996,1
10.350388575925269,49.520423978387306,19.575336697567135,3.922900930596005,1
8.973497669647688,48.58228061747367,19.942530481534604,5.785803826831173,1
9.198237561581822,49.17204532423757,20.498052404682856,5.405204080322888,1
11.13952245475183,51.78457772821171,19.467510080790934,4.887534017440447,1
8.255779249557122,49.99165824724284,20.46838523427705,4.342048955238831,1
10.566776300640148,50.5897360562481,19.147414152829352,6.681921740073138,1
10.30524393487797,49.71406083111354,19.162321958092054,5.0114988998700625,1
9.46529056474033,51.69123489647859,20.330035114510313,5.326962595404457,1
8.314129701846825,49.31124768263859,20.324869615796185,4.490156757861521,1
9.53985972831648,50.407136357124905,20.05157494276989,4.9303584215530645,1
10.57894358752395,50.89039065907811,20.47043314484648,4.674330531179826,1
8.72558112005331,50.859449367257845,20.972535789142537,4.630198833696197,1
9.917600176361306,49.378467539608316,20.755740288894543,4.80682329845016,1
11.226226065310627,50.07227570165862,17.417203367030055,5.0328087476137116,1
10.519717975504436,50.08296963804643,18.96735689810787,3.6466111418522864,1
11.410147077541156,51.43555228592617,19.464729835467157,4.593928203740168,1
8.950720080434511,49.050174537465224,20.021062021342065,5.172504416492866,1
9.648696459189754,49.95744770102637,19.885224675229203,3.9832613513902313,1
11.502800961598098,50.871424973148706,21.081376034458188,5.865652922815853,1
10.739615802014574,49.67839351456866,20.699380483587817,4.121809657189927,1
11.08978537837324,49.29555610688352,20.05095427701129,4.141080092192328,1
8.957512042950835,48.744988998180524,20.059894683116276,4.035393575793736,1
10.922830824468631,50.39719023136669,20.93639854355246,4.112219863364064,1
9.529036156311248,50.001283306399095,19.35281856815224,4.198503114605625,1
8.195264566595895,50.1932206463459,18.578080128359563,4.82468359767298,1
10.943809607450282,50.539777313599345,22.594424587768152,3.4584126003282125,1
11.17074186277953,51.361053420373466,20.36754489602227,4.316560233211318,1
11.329962417172311,50.14527582676076,19.478420322006627,6.82272360012796,1
9.868688758204717,48.467341465165404,19.182506902383775,6.329062846539682,1
8.623891208361346,49.59133735841158,18.773378340603383,2.9526763869420383,1
10.124323924524292,49.97154950097888,20.35281660649438,4.7360626514073125,1
11.0220294110618,51.22736197483976,21.325014052886814,6.276075346006188,1
10.0907012869781,49.83112430514406,19.723567154984163,7.339624806020058,1
9.813636294793021,49.55506366311625,21.592770754417483,6.471321956142338,1
10.153122505958352,49.31283211047904,19.688023892083788,3.6219165329359226,1
11.13774482883345,50.60613892082199,19.207713338193855,6.681576716267328,1
8.303488098709465,51.062843212731046,20.481115126388836,6.297825266973586,1
9.347139672620143,50.7821890594093,20.275600673984055,5.258716440229746,1
9.438496454569284,49.68293991053092,19.05251140509312,4.883770299612851,1
8.663325882296723,48.90947367098157,20.528943618416584,4.58961820634213,1
9.89175059268865,48.61258948566039,22.34664703052656,4.195246259362131,1
9.901583450768449,50.73156960984955,20.296733172494115,5.938092540905646,1
9.645007416837698,51.2142670313736,20.012231983638817,4.925195017319659,1
8.917629606092648,49.8865122446557,19.342073907463206,5.796672108364671,1
9.958023436734964,49.65125766070796,22.014060154918468,6.389145315677927,1
10.54288155707776,50.160856108127376,19.85642048828368,4.13595500889763,1
9.156367489135308,50.22095262526316,19.63840071921838,4.855433183066264,1
10.450043853449396,51.17441235831936,19.594058272811516,5.433107953151343,1
8.710931876786235,48.88972474251941,20.44103290727315,4.696901746575927,1
10.485884696135548,50.89875551658172,20.289120505278813,5.2407875097419385,1
10.350875522468895,49.992761446989036,18.852389055156866,5.094192300310146,1
9.466165181098601,49.570879210531885,19.57768517587473,5.89247388733153,1
10.71153884221683,48.89346121183326,20.54077358530039,5.201479946704433,1
9.205723044260488,50.879708751271195,18.999669651046293,5.239033601246765,1
10.313735631117611,49.406435509592285,19.209476978166922,6.5634047450289295,1
9.757182263787179,49.8544014957901,20.214965590626093,3.3213116371713434,1
9.669156391827789,48.571659737057544,19.582522650114967,5.701041341165097,1
9.059528209014692,47.97467214955325,18.954475442930534,4.20788497943485,1
8.963540300010187,49.10123012591353,19.2462955338194,4.4810997955751475,1
9.646561630472434,50.71187712257043,20.75399146697848,4.321904539213753,1
10.034634006445389,48.25874600648356,20.402625531130035,5.766919669661199,1
7.996905234916185,49.11186755786359,20.60815642760064,5.3019892103575526,1
9.058292458656046,48.45906818119633,20.435546159295654,5.4183980113091925,1
10.418130636066024,49.52455623375183,19.280059467858106,4.1458387391856455,1
10.040370834426989,50.2298704719749,23.17097477329018,6.04909318792001,1
11.49806428578071,50.83745569180372,19.69921612352397,6.264983329856256,1
9.86245278274731,49.77407725954816,20.222463164008605,3.7593754004437727,1
9.906633191470213,49.92297127558311,20.067492257240808,5.381416254209171,1
10.46877203322575,49.0387807745403,18.968517539684743,5.4154006261711265,1
9.584006681179774,50.522753556862085,20.08753147092167,3.567264510065892,1
9.310075221686283,49.63837651668704,19.139737548042483,3.951829593174527,1
10.841177440457383,49.85389074699973,20.596906481247952,4.683344704947893,1
10.776018545998745,49.91894035732758,18.956870501964644,4.199917523915399,1
9.52885135503959,49.297749747446595,19.120839371164926,5.051820389482422,1
11.464370684708248,51.374126835042496,22.149574534867288,4.2666871924163345,1
9.034735737446429,49.6979938271256,20.34816923524181,4.934511624855517,1
11.3543763099265,50.55887575987321,21.578865194416487,4.969063742726041,1
10.228092371225102,50.753010234870985,20.269024073176247,4.6923087226329985,1
8.272805745069162,49.53197287467998,19.937946874201668,5.4994982334686595,1
8.505261273642397,50.27518266183913,22.526368240356,3.5043204837429838,1
10.231778186542583,50.0595773938457,21.324358749995838,5.377910101738475,1
9.668662722625486,49.06633086904262,18.98517409226556,6.104578473571476,1
9.268320927562577,49.13575291290886,20.923796560313946,5.460814477148831,1
10.2267528071832,50.27381890184169,18.85399957349256,3.0013605244166275,1
9.421798284228856,49.15002671773816,19.871758025972298,5.531178366535695,1
9.738696535711552,49.885137306189804,21.404545514939713,5.078211181092152,1
11.868376863241025,50.697216401790946,21.51875933696358,3.727441864967683,1
9.404992175928669,49.27085939316025,19.830241706097514,4.731627264790619,1
9.707651346007854,48.17684784860836,19.966680717154848,4.807158171456035,1
9.122052635596297,50.51994889668303,20.239145580653787,5.53104250697806,1
10.727227299878189,49.17721311052004,21.64850401026818,5.298977456119018,1
10.055566281462895,50.733946380303365,20.936129148311082,6.4261587520192665,1
9.090023722278504,49.467782892009225,21.63159742753227,5.327066209121022,1
10.37077763317037,49.213760352354505,20.192863955550386,5.1589586741256435,1
9.370402792116808,49.294752321528385,21.821915097860405,4.869560266216673,1
9.13940565872727,50.131542487245774,19.374442964890747,5.246602186261335,1
8.527680856976644,48.172652125921275,19.699521214414577,4.985222780340155,1
11.111454510176294,52.16621243535658,20.250998116008326,4.822186856296987,1
8.606621614511075,49.73052692012551,19.723177005226113,4.583500917563308,1
9.631431307979245,50.66901697502988,21.392518449434274,4.489970460244383,1
9.688874028153503,50.278577633728226,17.98811968075529,4.406222552221332,1
10.452295055408452,51.10026284641834,21.584820527349017,3.037267990859248,1
11.425395338625838,50.54742472208997,20.87096178217162,3.785598617040741,1
8.675153559801869,49.079849015416166,20.536596520566825,5.616459312626155,1
9.791222694533417,49.8771746679678,19.545919637484396,5.880511199177111,1
9.598999986434658,49.098590319130395,18.80501319473134,5.5629897185861275,1
9.977642339518312,49.5844891447642,21.774658560973332,4.591985290960103,1
10.213122525166273,50.067848067961506,20.330532743234915,5.769430178177304,1
10.41559500176015,50.894690225858376,21.039096440378394,5.3015140573967665,1
11.465269519288828,49.88258387748604,18.553422109964107,6.736774956976711,1
9.717418405609035,48.618847678053704,19.45050145369596,5.22584047860269,1
7.831185833465328,48.14907093070351,20.534201170845773,5.117090872155442,1
9.811056463217524,49.43583406245685,20.732424009754876,5.540094460524806,1
10.117012970767494,50.38812576721421,19.21969559349846,3.2589771916410983,1
9.726569665308682,48.46339675322353,19.65930765612207,5.599039526376184,1
12.629496078475226,52.18103107227117,19.41077101348985,6.151733974780799,1
8.874317626429907,50.897789576199884,19.650217819888464,3.59443995260811,1
8.440521125159854,50.68412301974249,18.417505522018242,5.359249156513457,1
10.529493815883361,51.93485925460778,17.884943984812192,6.922324755444398,1
8.324983612291613,48.87246418439628,20.422580372272883,4.175590878672166,1
10.434262585958036,50.975270805917845,18.682282656859236,3.5508823892630694,1
9.819678319344485,50.32774622873596,20.96676801116646,4.4356989666978395,1
10.923041596923921,50.38545822836586,20.523261738688078,3.7987984809826107,1
10.345219568745394,49.48295256899216,20.502328240074778,6.5762989726277175,1
10.141652703015453,49.58007395341223,21.608522155948723,4.047355047184612,1
10.799772745227738,48.8412237900912,20.159250468373703,5.307732574679432,1
11.321526993121365,51.183747778835595,20.31943183333153,4.547649724430908,1
11.063152049256725,50.594676004577,19.598442455500656,3.651575680878299,1
9.853195484598054,49.25854571487765,20.60270765642933,4.673681537841682,1
9.909106515616145,50.53422517204987,19.21763303309791,4.65195362035738,1
11.353284629879543,50.0559049739228,19.926880354051804,4.478358490029381,1
10.311365929818736,50.25143792714764,19.61184580751775,4.288693640257211,1
10.70564479760031,50.67984623934582,21.30866875235218,4.779924220179645,1
9.395403348557394,48.62094437978657,20.774160609818818,5.346494442006761,1
10.32056189214408,49.4977335678498,19.387374261125064,5.133912922615476,1
10.617497147697241,51.96371822091954,19.027597110647502,6.496139636951632,1
10.720456935356939,50.08926499361008,20.622519140305,4.137506700275266,1
9.99179316715729,49.023607103250185,20.480424496117788,4.6671882351477905,1
7.95856100381475,50.601496724829495,19.08034930993734,5.487972682663004,1
9.626657128077131,49.437822347859345,21.60026781874876,7.290467070530539,1
10.704955372425092,50.009120253075544,18.16997144957219,4.596540816579199,1
9.34526605476096,50.227322654123974,19.2272281170218,6.525957560884809,1
10.898872113604364,51.27068319510186,19.542359405710474,4.4136799747888675,1
9.482374120842845,49.72554233624534,20.770836960404935,5.962341744814346,1
9.274569882641075,50.04929820170824,19.489073818767736,6.5885306910975325,1
11.564612982830273,51.567184165261786,19.516750457520892,5.411334242897609,1
8.362376482087523,49.83614129722593,20.88518754120893,5.164643809526398,1
9.667139679637781,49.65892979736817,19.673439022320792,6.171041064620488,1
10.706218922059541,50.19898446016462,20.414091353793594,6.042977594646376,1
10.340519266313448,49.39158645546369,19.960732008962047,6.041568388818582,1
10.096424862092633,49.67509727476795,20.768770644399474,3.01943440893106,1
9.432885698476307,51.37998434129666,18.634837122774833,5.875695678779507,1
10.061554171555395,50.77024944466582,21.021224743167163,4.476749056615105,1
8.616830782751219,47.13751480278796,19.87959336133559,4.78879401636848,1
11.159702887115726,49.41551513056177,19.5512329868945,4.2785687044282446,1
9.156083878206372,47.96765945662335,17.19779720160829,3.5833965175743594,1
10.591859981829348,50.454020803233256,21.098303540732513,3.850445936742882,1
9.488731772970564,50.46729907041661,20.28601252697812,5.610391764305413,1
12.228112977419629,49.6935585153354,20.665967146069537,4.452481899320568,1
10.722890918923957,51.658998469033655,19.519750965005073,5.5009922321799465,1
8.698380378849574,49.90007823451708,20.406657087466883,3.801907119808962,1
9.554605799501502,50.1900303260555,20.87938994191337,4.022535122754131,1
9.08961649658218,49.97055405766315,17.00538713977238,5.7159388934369915,1
8.085892581952136,48.78233125534358,20.192728996499728,5.436638474629293,1
10.090440574850115,49.323735720313216,20.00147100024541,5.6517812617006165,1
11.403639987885096,50.335897976865986,18.626957449049105,4.001808271768136,1
8.669895137822113,48.279502443836606,19.37497260931533,5.754095663656242,1
9.513720249896302,50.291324387799214,20.067516857174326,4.344454970515642,1
10.167019993262521,49.89488823724431,20.886491539359614,5.336015742661992,1
9.915729238932132,49.59099897384917,19.971471130165583,4.6906224071166385,1
10.38486250547483,50.531166951475875,20.566545315818214,5.173711852987023,1
9.359568033065923,49.77661153603353,18.79626480780022,4.2620682197587705,1
8.950427841458133,49.858126639446034,21.34803578042472,5.0498572665998225,1
8.048625950619991,47.30848915988048,19.00115120390463,4.799191486004334,1
9.830459957059407,51.14901097515025,17.84193143603874,5.476031383438115,1
10.264349702693378,50.1501241512432,18.920656833975006,4.7532064422112486,1
10.283350045835228,49.6937180038842,20.33905925594243,4.8780550723997225,1
10.677208678027567,50.87438973322494,20.098667453815796,5.54832813049798,1
8.454245668938674,49.71146531976767,19.144759542749135,3.9774356087393143,1
11.165114562497266,51.4033147545193,20.817861831184995,3.690587853668986,1
9.95492235335812,49.862810238666164,20.031267547027568,4.908340591899617,1
7.928927783566461,49.72337658879154,19.83862646372222,4.601851871249925,1
9.292468407961543,50.659883390421705,19.895020298981045,7.232016389525178,1
11.01134283587701,51.85579714248159,18.415526436849063,5.153644460815666,1
11.629475932861585,50.47127274767755,19.717804123309566,5.283769554383346,1
11.549149410505894,51.25566435561652,21.74062944589533,4.48895953641989,1
10.11911853278159,48.29220715447707,20.876726773690454,4.942957132337812,1
10.392398957596054,50.30594367488501,19.836745051166822,5.949405523793219,1
10.35077981296704,50.39480208914239,20.297514353954945,6.149379383367124,1
8.669582679221698,50.216614176212545,20.212587046437537,5.588224929117937,1
9.977152922159922,50.12726814916605,19.35704744664711,5.278081047967944,1
8.126578363875115,49.12333800669493,18.86640717436154,4.356742398211261,1
10.089274405092862,50.1683961290224,19.954886696306666,5.09600420496977,1
9.220934752851706,49.30590288988942,18.98822591589451,4.160875809400727,1
11.012483415680437,51.76995174574184,21.866683148331628,3.6269464639580713,1
10.16651072180394,49.85090759841808,18.959400769914854,6.23800693595844,1
10.730692740001496,48.18945393231327,20.512916846827775,5.890671681431395,1
9.568267896467376,52.10849951722655,19.644048506953194,5.477068092356865,1
9.215225343076604,49.17992860347369,18.883050446253275,5.558081880618666,1
9.274616642232901,50.30760583675285,20.881131097099633,6.127783630127802,1
11.068088557386233,50.53217399572007,18.61956924769273,6.412151698298631,1
10.037716166721586,49.21616634111845,18.993963142079608,4.850108408266861,1
11.391024326807027,51.290630823405664,21.26056884504215,5.531974639007191,1
9.241060077556876,51.45236441079637,20.913201924252178,3.5276770715335104,1
11.83880134360277,51.27448343392028,19.320406957455855,3.936567061845393,1
9.539313940341078,50.06691132311539,21.008597286860102,6.614249547280227,1
9.852907247554127,51.400974048932866,19.2032246936937,3.880371766319546,1
9.64116215775683,50.4657803773953,19.81624426975001,4.553163746337379,1
11.245133158658115,51.02878918036239,20.1564762569463,6.414874135922423,1
9.742839351548914,49.49012867950731,19.65580354353262,5.218397073129937,1
11.230586249198904,50.27432782676662,19.468006190588838,5.656390750859303,1
10.160408604296705,49.552307347345014,19.95165537622018,6.329141282745553,1
9.459114391575952,49.84131717936125,18.548094470568252,6.936712462402552,1
9.915744328477686,49.72903521666791,20.990909173684845,6.161533803559117,1
11.932204941789783,50.985464530832594,19.164807309808516,5.806563767896259,1
8.837576863968216,49.17342158537353,21.402844740100242,4.089149622361347,1
10.611829666883521,48.83544105053694,18.361576374258206,5.307264780505591,1
10.224092838065449,49.40255832104592,20.0826110321562,5.56800735922642,1
9.47662690028889,50.49059905440105,19.04284190172459,4.917965846854516,1
10.993607097456604,52.003318952268316,20.384323405211244,5.588742406807507,1
10.539588475680358,51.201662764680066,22.171164949318165,5.101407146668211,1
8.817445111477452,51.00834312471729,20.08617684238012,5.539161274114196,1
9.343545064405193,48.95274706832418,20.252331431384523,4.914385045769503,1
8.222881680918865,49.68159643059486,18.395261470139012,3.5938952286089894,1
7.806709717090406,48.463977407395184,20.112737941235736,5.468304907689592,1
10.247082666083093,50.873646916828456,20.038908705856215,5.171243545152213,1
11.687063218280619,51.011469390650554,20.844995603000836,4.492965230234662,1
11.14973525622629,50.57081711628308,20.0381180001794,7.042072149826954,1
11.61501559175133,51.31625599118139,20.699136153718694,5.729346346280426,1
11.42560614058027,50.48351255170715,19.164143932518378,4.975450576357621,1
9.78538861005713,50.39338111946353,20.246648955252446,3.9486096013399354,1
11.197278147072282,50.257007911115075,21.561279598955807,3.6317549046616096,1
10.699685594505668,50.44336870081602,20.599369372522297,5.2130171674298875,1
8.887781975897427,50.31409883668446,19.028829335175608,4.599013842103599,1
6.928228665247046,48.76166402706272,20.141806639153454,6.6959695330141695,1
9.739147972373184,49.644755465962,20.46637957438198,4.522713729596771,1
11.774671312878537,49.92813933121386,20.802051738740516,4.101678028567984,1
10.39622553729636,48.55737893353786,17.878823555097565,3.370416397251562,1
7.587104914101055,49.006359960012006,20.08658318016542,4.803766035056458,1
9.098885973746507,49.28306723845005,20.86900634281876,3.6084947305957806,1
10.738885153455248,49.852918671414294,21.27981202062802,5.02429091413778,1
10.05394940374786,49.251696232017046,18.20283538460438,4.990342763467091,1
9.53406590234245,50.13127840674588,21.00133101734673,6.297342089092891,1
11.209232194470601,50.20286667279205,20.21524046763961,6.8012139908085345,1
9.714968016609445,50.60183270319221,20.007617498318158,5.896248425356159,1
8.976445663239407,49.111900326429385,19.142297376953106,5.400530684598706,1
10.02829644692048,49.89347399582613,18.37367806217317,6.8593463338516285,1
9.948377569965816,51.0633021294561,17.562435640800643,5.335105620195999,1
9.683612289876557,50.29257463153108,19.638886865260133,3.155298836371954,1
11.656226804884913,51.10024177300595,18.94252635219847,5.003222216443156,1
9.840445686582523,50.11324207611279,19.529257501817273,5.183450253581576,1
8.560503527000318,50.022717697780735,21.43156775744929,4.72108572489676,1
10.434551545271885,50.30798221363249,18.335827014833825,4.362159443526416,1
10.453442046147078,50.176050654403966,18.4903383939317,5.779051220132992,1
9.884512913169914,48.437572578414105,19.23763846327239,4.2696429044420405,1
8.132441678870876,47.328591274839354,18.699653167781662,4.25252682193462,1
10.819720794224805,50.52139762522897,20.825372232087513,4.730610221548759,1
10.777918896976926,50.82045797100672,20.021857358219872,3.548661501808975,1
9.199500610827346,48.14884677423986,19.900991688715923,5.092447735469809,1
10.744590398708768,49.78533500606818,19.629835835486297,4.561525541965394,1
10.390815945978131,48.676769829929135,19.79964651999501,4.85755458249063,1
9.077430987835882,50.067552371715074,19.160870597157786,5.487015325980379,1
11.840502691678171,50.523327902872374,19.728792660109836,4.97813009121092,1
10.067223595828985,49.604201841719934,20.06763423006692,6.702570152241791,1
9.825636830417407,49.400094617645955,20.0277621316255,5.105719995467155,1
8.822534960482619,48.71453112370166,19.47132934106451,5.4563633634807855,1
11.208765183519892,50.07445358979766,19.359274275809803,4.391708849918505,1
9.661921352464162,48.99179545473687,20.55412757832677,4.708958536726974,1
10.17648510693208,49.92806580022704,20.719668170537332,4.288959403208889,1
10.987147618557984,50.278762566219875,20.275666549340773,3.358296771190216,1
9.741592826699609,50.28573757905762,20.954189580898763,4.5082698919864725,1
8.755287167046626,50.47011877572267,20.466290043550188,4.383878876676521,1
10.02141320018581,51.41997529231135,18.350783025582867,5.172339139229189,1
9.445832292289895,51.2433716794158,18.276771749283675,5.782578880841977,1
10.436795202251423,50.18132441606365,20.150818206332595,5.545657323470028,1
8.084738204277793,48.995383876507766,20.29871365999201,3.35195379363382,1
10.639674370000776,49.41203794959037,19.857312287926536,4.881829215633408,1
10.10311876736648,49.8308426662214,20.06859922748066,5.512717523472399,1
11.467431799954214,49.380796820533675,21.25774421749604,4.720703330721628,1
9.93755098794108,49.99304321338489,21.455807951836842,4.672245082703583,1
8.573987778777184,48.85404563881487,20.459584904834056,2.876109981954441,1
8.76273212879557,48.82879239058206,19.844964191881676,3.358651391176971,1
9.411990221347443,51.4467527653686,19.661317814554604,6.21657771374294,1
9.618902946263308,48.55520735523776,20.559298981390885,5.9508336970038,1
9.719748457222117,51.02693230230337,20.677557033587718,5.572751366857216,1
10.809629077126738,50.00000250108663,20.85910419278553,4.139846615075337,1
9.42247928052169,49.064900248553094,20.456153035827054,6.199736176415038,1
8.865273579180137,51.06356991785063,20.010185518712074,5.593465919603239,1
11.15273615398649,50.563156231441276,19.023104613264675,3.997331412630209,1
11.84775303700835,51.926267062182525,19.346715298072112,4.370349573059819,1
8.737052966332305,50.53929519612285,20.90005424276407,3.7597836635922297,1
9.186014231212432,51.174746149807824,20.198989494405186,6.574371237475572,1
8.50524164803367,49.559566622937744,20.018627370661356,3.4360953651602335,1
10.328472975893117,49.61861879374701,21.269764750314305,4.963116469154933,1
9.994895585876968,49.97476648199943,19.666209039646436,5.323625764609119,1
9.880872158423585,48.77674817262432,19.191282468020468,5.432837621499994,1
11.09936128089251,50.267403787675384,19.840060212242957,5.001248455788486,1
10.538022849840251,50.49800412448862,20.417853703217325,3.4799607148079366,1
11.460975769237704,50.721039916272446,21.342622010510354,5.028620504187783,1
8.81218197080078,48.90993277322296,20.197828167849867,4.676542527516576,1
9.441730302961318,48.13075993252011,18.858098580796153,5.158433846785532,1
11.806735814379774,50.84836133415321,20.046135058955684,3.2880298359057787,1
10.310407580166439,49.82956223929371,19.229215699293434,4.296140964009553,1
9.88558831071662,48.8957657611695,20.37117255264904,5.929145147768691,1
9.744409182796774,49.14078874677769,20.274647203612446,5.688896666607932,1
9.063883583310686,49.708335616721726,16.883143408400873,5.422818574676661,1
11.060543928897747,52.25415560964694,19.845927601575166,5.663561576591381,1
9.555106955103698,50.614913250037475,19.852646335417155,4.113385739943888,1
9.872090078853537,50.08244944548335,20.74355351550834,4.885664840127623,1
9.698470170865768,50.31179639719447,21.555114032059066,6.366060068403332,1
9.888199306866657,50.60709647239495,21.183119557331707,6.496910993520827,1
11.132659337650413,50.97364708609605,19.256327825299127,5.140671903307961,1
9.1556277264146,50.42858147533451,19.524824894170752,5.100159408090623,1
11.277593696867466,51.66019183359093,18.14251672840546,5.730183531129614,1
10.644228488054747,50.891934866521574,20.086452524007594,5.878303757732531,1
10.590070800634726,51.17364072754403,20.207217393410954,4.345429865002416,1
8.241795210757601,46.68486127824834,20.976037525368927,5.222858323103487,1
10.408520509468278,51.89491976293466,18.802572304361433,4.644505225391548,1
10.333869949113225,50.37664966899679,21.48678247408563,6.382181888393139,1
9.323757739699522,49.807099591480096,20.538437000354538,4.943900526659097,1
9.750575602335472,50.46359183204641,21.723696275667262,5.504969981462841,1
10.231497696581794,49.20420081950633,18.98732687623141,5.124769521043213,1
9.079209359076406,50.36072069944054,19.233672401036415,3.6306088759528428,1
8.447947599087792,48.23650930824223,21.626649562301584,3.3340439232022816,1
10.816833076076747,49.20915649703357,21.080544127025487,4.886588369357266,1
8.833552555137878,50.37634889343093,20.570788529381574,4.055129802611989,1
10.400158165110245,49.600564665439755,20.40955177823769,5.374155085970803,1
8.654239205636165,48.72752463764381,20.701783372117028,6.706468247260989,1
9.692804256583218,51.10721929931224,21.710836582546655,4.373509776850913,1
10.596845796666628,49.51341913640235,17.16798813009101,3.420069470328876,1
9.860712853013906,50.36552830935441,19.34834379094222,6.400689034443001,1
9.525793938603528,48.21703042436492,19.857552131211158,5.1285363168560485,1
10.98010850550191,51.102639823155215,19.799092466799074,5.416099634415823,1
10.208734024617431,49.873153381034264,19.215312588570555,5.664144049358651,1
8.65255137078839,48.06316466880982,19.718424569199897,4.2002138616142295,1
9.830515211577811,49.39910087047313,19.501788381413892,6.0223923224420695,1
10.429585140366617,50.05362517439536,19.260604697489804,5.529833783474958,1
11.60544806883047,52.50331224203359,19.88755624398071,3.6182549905050148,1
9.65711682916991,49.83179692206808,18.599743791872058,3.9012315433327007,1
12.235030021275438,50.62770986204138,20.06389619165018,6.065926818716889,1
11.581507084751413,50.09157407652992,19.22680748977656,4.275688680768877,1
10.193501651313815,51.32145827624719,19.288714244389563,4.315598443859574,1
10.348995008384419,49.46943791107304,19.665378394045877,4.006742782562448,1
9.117012797244644,51.40261397877271,20.252270780612125,5.875509153141383,1
9.134471690734806,50.21440290787734,20.809740730814447,4.0864054900228926,1
8.486517611012928,49.61832956784138,19.852362585485164,3.9057590469649086,1
11.925303191824648,50.992732961927636,18.573062314573008,4.500583238977962,1
11.308491405190289,50.4451358238485,19.765461965091248,6.250569832543435,1
10.224823684347022,51.56889805902045,19.988864372659332,5.141667164871531,1
9.03193658303573,50.10200909510671,19.371019292408732,3.5682022219349623,1
10.25156671753997,50.82418007058076,18.901710568675252,6.734572174923709,1
10.809368128796756,50.68230096595824,21.098581648231146,4.490404867053643,1
9.739623796508454,48.85143558542294,20.7538656835623,5.4732905949148,1
9.37713903605675,51.00663907928908,19.15092712730634,5.42425261810087,1
11.744753261659334,49.60144519642064,18.99344093520576,4.699996423062204,1
8.54318044175471,48.34446538008391,19.55208516158446,4.7956610630969525,1
8.982255854434342,48.558467605884864,20.679567865765083,4.034893391935583,1
10.77368359373393,50.259780643454015,20.988240573742697,5.567058212520182,1
10.953470901359763,50.378214906553644,21.103503766728377,3.830904252677973,1
11.211663919109405,51.99112445036847,18.63014049804706,6.409952138396147,1
9.658350402091806,50.02394186231644,19.415624724688676,5.287915432215279,1
11.002326156445477,51.886353353871804,21.55701004153216,5.588037748739813,1
11.505504365435929,51.99244167037586,19.812205078025194,4.0157909977271515,1
9.510288041658804,50.67443980788377,20.59530030769229,4.5067856128895025,1
10.669927204424843,49.732417818316115,17.420949254810527,5.728929867385239,1
9.771343126935893,50.78509367443415,20.332798217404456,4.511433779245374,1
9.282729691859252,49.83969381243814,18.477231909495814,4.377774528244944,1
12.179825247169,51.00399025923077,19.811550917869933,5.653037283406428,1
9.79333951824461,49.70911622171722,19.963402707083752,4.997123897340999,1
9.13061486969179,50.1427480595141,20.496615198483852,5.924434021958509,1
10.310073132679491,49.766379102996716,20.571109822129824,6.618459324231974,1
11.434028891984589,50.46065292442784,18.6934784770774,5.20579680373408,1
9.81018203772401,49.77570699163561,19.066683759773078,4.392112553718046,1
9.509737728726211,50.36438045743866,19.622453080940712,4.794165974781262,1
9.606533346370783,49.8003650832992,22.464321933515365,4.776573887805304,1
9.415533054842765,48.6237765391993,18.63705905279199,4.439018996868244,1
10.292123841933584,50.172082719837476,21.336386182322794,4.5033917902704825,1
9.581358222353328,49.619354235806846,19.566445667266834,4.953518843967109,1
9.028591509597382,48.0025842579716,20.76699045055955,4.232051408263185,1
9.65648386126949,51.139612489243305,20.32637508972699,5.003583205954584,1
10.225457744254793,49.861287935339035,20.65004197305077,4.156384393464074,1
9.539146103360867,50.04744528895484,18.05654314871318,4.883777560462248,1
10.0923403730694,48.897236599605925,21.800462762460228,5.926604768308605,1
9.35413831378333,49.75124455023311,19.580918007192178,5.409294996640956,1
10.026285196951802,49.108300890947184,20.24622276127643,3.7813161700228033,1
10.66630962429864,50.46273895282516,19.52663907449752,3.22525518481135,1
9.092735956033863,49.95488401291813,18.457711849200322,5.000899926671107,1
9.391396654058884,50.814001403027916,20.9659361184597,5.488370590429658,1
8.840708150030613,47.76234705921384,20.311124446093654,4.927761241328332,1
8.665434281417388,49.495820286757784,18.19474831136958,3.8151125554282306,1
11.266803769182724,49.63680111815901,20.40807464934617,5.777607281342241,1
12.966199586999084,51.74442325230431,20.016491486980865,3.903398252907281,1
10.519895034228972,50.610720961265294,20.169877959796924,3.5410592694026746,1
10.134264640351477,50.69953184288793,21.497715027319565,6.397065301313742,1
11.872926354271629,51.24436877402704,20.40713033108325,3.895309852794391,1
9.764756336921199,51.07891077073515,20.51087482189242,5.89896739458806,1
9.621960409366919,51.12145189950568,19.445868752915516,6.375225420446897,1
10.059080667458243,49.75760835259655,18.368780492346467,4.139490252890392,1
10.438120015033498,50.005688036455055,19.889409497191792,5.857661910122452,1
8.779953728953352,49.354562646245924,19.423758183773096,4.775173438729849,1
10.535683272497407,50.31272408952702,19.403082888216804,5.658802141691513,1
9.460474888649447,50.27594685788951,19.98654853064261,4.625873679735694,1
9.217993533740257,50.070823302014624,19.364569561380733,5.480969850034623,1
9.506371302042497,49.33391270536104,19.2736341678139,6.004419192261625,1
8.488440677580837,50.41424641504037,19.773877530236042,4.391184882582869,1
8.819350956012606,47.800099806507475,20.938585136249767,6.23994054982736,1
9.8106110058602,49.30160516726888,18.94142810239463,4.640883404934115,1
9.50381035833377,50.29585185675674,19.449200574293158,4.452644425701333,1
10.213051694719022,49.53734855134737,20.1118723968963,5.233458079662318,1
12.192341232960457,50.18155896437458,19.492963367874555,5.310564710420478,1
10.079160604471651,50.60078583171199,20.698650234307756,3.9077820586593766,1
9.409853022036508,49.72950280517058,20.731551581862153,4.334958381841309,1
10.591746470627058,50.1181424136634,20.892708152873702,4.546662567861483,1
8.90508921768378,50.56896234212151,21.90934262555711,6.033956986812783,1
9.493908195623929,48.94582100815139,19.310951570582027,3.4940886484286127,1
8.517896717107785,48.6187637803651,20.38616637709837,4.300682059027909,1
11.437731360013714,50.18195647827221,20.398296086197494,5.3818240096193835,1
8.4549719182039,49.42694221206948,19.409242847090038,2.9134899711448123,1
11.07990366927541,50.98687952483119,18.70363961172457,5.35026591956203,1
12.204668165663783,51.802904423537285,18.457078552845708,4.157428298286992,1
10.803040739166146,49.91616113529471,20.797913196566746,4.32633582869086,1
9.879440127483685,49.021769922908284,20.139064150304684,6.629275769958862,1
11.00416352431197,51.15975425928087,20.70464272074989,4.2902148998805005,1
8.951967413747077,49.42545567541354,20.140810651878237,5.770330879327212,1
7.898469931399135,48.888149373335025,19.697253983095745,6.41565622617468,1
9.979722036855579,49.00555460181259,20.67161657203591,6.136388077539739,1
11.790520033700302,51.01485592576033,21.90261819836983,5.572627017205086,1
11.315473918863917,49.0103070638204,21.17782950470566,3.964252273804787,1
12.200198833772243,51.720575818698435,19.91765635320865,5.375019919820153,1
10.809218219942885,49.712293248209775,19.586196010950335,5.536987914456361,1
11.49575864612271,50.11048106235551,19.47525804503778,5.888338861996843,1
9.802559279589495,50.02046266671116,21.328960747553225,5.504994721780011,1
10.590779352577794,50.55187404591398,20.727174870020438,5.47400786727703,1
9.913567253652143,50.16368116053527,19.930143501743817,5.260132904938768,1
10.563897427754815,51.20610837108424,19.163888620499232,3.8495622301814905,1
10.347695430166343,49.20405403432449,19.81330907788539,6.040238964249559,1
8.709814316756194,49.30776080814837,21.283455036266524,4.981232944460107,1
7.658918571765816,48.55028267811876,20.90072390508918,4.780227014286638,1
11.255151586009543,49.70635544900688,18.538261657783277,4.827517682893039,1
9.720375903417972,50.06040050167763,20.638024033495455,5.793007070697428,1
8.883844464762488,49.62136597817637,19.72746725151224,4.410302204300676,1
10.270908802965948,48.97890755191882,21.320794386127915,4.789811186203238,1
10.447996320635868,50.450381518551104,20.81653487977377,4.716602225543747,1
10.722831632818567,51.46213616595159,21.087546315466895,5.514004179816063,1
9.222755804675383,49.704836413347586,19.100113523256514,3.125686503258932,1
10.078281944507356,50.01678718022247,18.733657323037047,5.522557601998812,1
10.782291269833046,51.624880066290025,20.295779088506887,3.046321437380594,1
9.2842364003015,50.29034346739905,18.437985658170735,4.967003519735334,1
11.040706713360718,49.03558128670857,20.942314308276966,6.959562005205768,1
9.471486134159159,49.22072945739901,19.240504509570936,3.6034647624268428,1
10.65680647368455,49.50611446942791,18.977144959195787,5.397565215617466,1
10.576702313501409,48.38301896180675,20.174373048701526,4.986749732065974,1
9.692438071798684,50.61437287602326,19.07937362698313,4.109270816938504,1
10.72373470316224,51.17402353380958,19.668989396598253,3.90710339367397,1
11.20630274651571,50.32485568004724,21.449847525361218,6.234144035780061,1
10.060741501105566,50.363752551561724,18.314617895128773,4.221324527342387,1
8.696570662621157,50.03280575343378,19.102590496368663,7.0118642631265615,1
8.400851078356448,49.27412412665715,20.602163489576064,5.197853309567153,1
8.723463694716706,47.85729489570923,19.939862114496314,5.477808562616469,1
10.125546094319033,49.34562284539403,20.24461036132947,6.02416493277307,1
10.753781929374455,49.09193356215621,20.26473875775571,4.870846517539886,1
9.524884476644322,49.5211216594993,20.44485343818651,5.595423156763723,1
11.99405111917632,51.133922242883855,21.06071499934217,4.9806772080287365,1
11.536319888242161,51.9091958970946,20.314025691820603,3.459442028129306,1
9.64169964855338,48.8231955079597,18.49967162402143,4.944741004270347,1
9.073469898979534,49.50825870444057,20.64982963467998,5.140495907439476,1
9.9701639112675,50.38483817787672,21.85710226975586,4.825993162491966,1
11.19003827193161,49.03268189843715,20.222905819624273,5.455419990936809,1
8.709992421527122,50.16402817036629,19.219720131609936,6.8209392740896755,1
10.582456398997264,49.862454967706455,21.070360016973176,5.293471397649823,1
9.22072886612544,48.627208548777915,19.124845251086082,3.785782718640661,1
9.53495297113594,49.318420099286115,18.480025540414132,4.659125589430529,1
10.643768601515404,50.714542677416055,19.656764945544897,5.731293620840368,1
10.188550091075186,50.51374880576225,19.816409236529445,5.433938968230289,1
12.34558040640768,52.14630035149309,20.413913670110233,5.097250876977786,1
9.36788331063587,49.47269491870815,21.304213891849503,5.738607028992821,1
11.676353558616832,51.638446497432696,18.398159047925482,2.714500551210355,1
10.504475961553478,49.76798479004773,19.374754077442827,5.276239852019974,1
9.538552710673759,49.50007605243481,19.74334986451952,5.655924411372502,1
10.009640435521646,49.290066579603696,18.85601930040126,5.504343575162995,1
10.792548202583507,51.33882006952727,20.812333589341833,4.493093385163169,1
11.197944083060813,50.70401737597489,20.08584310534245,5.512266726825982,1
12.299578614915706,50.13648096651958,20.679944006115957,4.825176628382233,1
10.213136504779344,50.47296899978282,20.672636718568093,7.254283698804962,1
9.836989269452983,51.43985289883012,19.916711604300037,4.32167016212603,1
9.743085036536593,49.4504908293785,21.176786962383865,4.127841602229178,1
8.442740039511014,48.617369617324584,18.99673424309611,4.433396975362296,1
9.643328221190302,48.655231533221695,20.159191766668812,6.03744479673091,1
10.526866310178967,50.3484094952817,19.08687846243118,2.9817181316457835,1
9.861206986442468,49.46502154169265,19.943020945022262,4.660545678535221,1
8.369152601429768,50.33003341394368,20.837547914146327,4.100887061573461,1
8.985633536146452,50.19547075833055,19.463729855913215,4.4729083897759585,1
11.614911982700418,50.33639814217973,18.835551546129537,4.046195579727436,1
11.253374011051603,50.55630093869142,21.102282564588023,5.789904941785493,1
10.29791482786364,49.342972070246404,20.100564203097164,5.759156675108234,1
10.98492730969897,51.56188320309762,20.49617941228838,6.010427553125509,1
10.802233432779824,51.11626727642697,20.62899958745682,5.234977192889052,1
10.18083806976119,51.10957999456813,18.472368051821228,6.012260510065335,1
9.563493097789186,48.564063081227665,19.657507809749557,6.572330317535225,1
9.471210547255385,49.15374833009531,20.04399551144399,4.300784720913025,1
10.485114402463621,51.07732008410766,18.607984083441963,5.320999466184892,1
11.082969229265267,52.25165351870415,18.938631146828122,2.3790709147853564,2
10.731253312033767,49.67409025538244,16.117390991379118,5.502274534814738,2
8.926049078249232,52.371592420763186,19.959887049109522,6.360391476728797,2
11.311211145527936,51.184791380485635,17.652816394749028,4.83609080759433,2
11.19545776971526,51.69966776441097,18.51812520667433,3.7235256409814164,2
10.745423814342024,50.712430617994,19.171450157486024,5.165591812969062,2
10.615456990233017,51.876066078308895,18.45004406394849,4.123842000893975,2
9.315316545186327,50.542464869950045,18.023017635868058,6.060379513775159,2
11.938980811854796,52.2072377523653,20.32599732488886,4.957043822312846,2
9.587605948840595,49.877210245316576,17.91163624704719,3.105544840099876,2
10.29835813303515,49.26213408598512,18.444513165758227,3.988755414177371,2
9.76790686517247,51.34715341812001,19.8581543700986,6.026883479999274,2
10.721071440380973,51.17163501458474,19.829453462801848,3.8100897512346386,2
11.313637933720363,50.51576053354162,18.757760832938214,5.600115595564417,2
10.4995212590466,49.27541486035307,17.72990362963873,4.598861271828169,2
10.669960958168051,50.649007735766716,18.51889498042983,7.362730495236669,2
10.272706608308908,48.33614082123164,17.225997637856363,4.429845144329409,2
9.381022413494547,49.79154633800054,20.011793224525846,5.316114308149409,2
11.838772590534523,51.04006653255014,19.166603535828422,4.234030587761408,2
10.125385666636214,50.309338029597534,18.592455409675892,2.9573160522380473,2
11.740960977195208,51.07015693356771,19.54852607417213,1.7988186276127873,2
9.171430405758924,49.81321559603375,18.3369726204902,4.081158959299643,2
8.384964901943132,51.11627370800039,20.242794787550494,3.8099693540933015,2
8.387074510709843,51.233920068994685,20.583161584759765,6.4919636272625425,2
10.730328801020125,47.72567603127493,18.474310230320253,4.7548320893071585,2
11.873208900698378,52.13650073583879,18.532471909671894,3.9509679407971996,2
11.596127259200067,51.8026822656956,18.840509844733504,2.545579554505731,2
11.573258999008768,51.45896706397433,17.848548035799276,3.59105294622651,2
12.065514410790987,51.05920596929668,19.295159511594395,6.043025850868243,2
9.693869699784912,52.33824255272208,20.23964792850049,3.054451256844067,2
9.623301937553428,49.501191322118714,18.88822118566317,3.0980435705658853,2
10.286904086968896,50.14675101929855,18.172205114156082,3.2655676376027407,2
9.840272653555056,51.36888292554562,18.597392444236448,5.350130575377546,2
10.627310023459442,49.31290975770924,17.474386590265638,4.238865732138694,2
9.463847638869524,50.91342936446599,16.90246602044981,3.916746563992258,2
9.729038341150908,51.52514923919081,20.444488573194704,2.7780490280251637,2
10.606228924553584,50.630520470280786,17.282502871852916,2.939283889852301,2
11.998222053541888,52.75370375513431,17.272101382497745,4.996119987084603,2
10.56131557696972,51.48537541672003,17.851253493069418,5.371755356633942,2
11.43917731777,52.707345871013565,18.85920116634552,5.474345233467458,2
11.471041164882198,52.534479517494034,19.375021039225654,5.111250907021182,2
10.32416744140086,50.58265132036972,20.52027485394439,4.263056101753018,2
11.560647558896166,51.3418273907921,17.835858021151143,4.428075395855042,2
9.160970611570297,52.67533119725941,19.244210542289014,4.035143037323438,2
10.413050284779956,50.00364856104678,18.38308444991171,5.813294718355971,2
11.659057190495062,50.558485203058424,16.369102910645204,5.54457154774586,2
10.056141763526941,51.2496896191061,21.409966836489698,4.225544022721676,2
12.137679897920638,50.61874002725801,18.58290084380891,2.5678338337353157,2
8.446678134278965,52.16772477290867,19.391957467512114,4.697314141914257,2
11.423329162278147,51.79846647796676,17.514977560455655,4.2643539332678015,2
8.793575978707368,49.683399883939956,18.85978257807385,5.196539841568319,2
11.571706580313576,52.22573045982119,19.10441265347801,4.017776655908322,2
12.244132675298149,52.16000745827339,19.341944472317298,4.901254808516806,2
10.391710943304602,51.10036755289751,17.187627909423743,2.6831013282597986,2
11.268183383638936,51.49873229424738,20.028161895502063,4.485847435869025,2
13.3482273051289,53.48464037483227,18.410843801149223,4.315487729477426,2
8.430088225508639,51.36279258523526,19.29878462397331,2.566703250431809,2
10.930977206201963,51.75666635119861,20.183478046990544,5.078481156221212,2
10.691263349371361,52.10861677619917,19.91096542366516,3.6310177809908,2
9.958999452709696,53.033219446934964,17.431338545602102,3.0591205378663786,2
10.224005873574157,51.40491092822284,19.680401628184796,7.390677855590843,2
8.536305446430585,52.382583364954414,17.816819068677052,5.7237036547808975,2
9.749032494977433,51.941276605090316,19.37056003583584,3.638514344550484,2
11.848008275046746,51.56369269000259,18.122538692357494,5.194270356646171,2
10.815163998087204,51.61356359263733,17.641668859734576,5.435143495173444,2
11.7575480815469,50.394041502267775,17.513743191213806,3.462383679554536,2
11.927063737770606,52.67284625096669,18.704036528411855,5.597576174453808,2
9.184969621648499,50.07957323430262,17.84684676297615,3.005667769551194,2
11.975226819229265,52.98572079151895,17.867241952134595,3.7912297166764324,2
11.56488008845262,50.743048712476,20.14867764786441,6.959470530905644,2
12.037233403340988,50.1976421751107,23.04970997594814,4.074297650431666,2
8.827510417865474,52.286300153606405,18.991503404462467,1.9471024324521489,2
11.214760944839021,51.060228747215454,18.919025716092918,5.852797362870795,2
11.769106345810837,50.20837802335046,18.233238342310656,3.7811939953096356,2
9.749481967564652,48.89156466234599,19.359798580456953,4.01858170018689,2
10.857048922023292,48.52361050238182,18.88850820691206,4.164963963967849,2
10.479286758273814,50.26940120585924,17.935601683705226,6.7186323214752015,2
11.033755454166604,52.62606239969207,19.078413308031347,4.658190710478688,2
10.231127200608809,50.222525313057766,19.275503969421134,3.5048751395108138,2
9.741721301432914,53.82836822508631,23.65606385105442,4.344633920183137,2
10.408509622814996,50.82618806133421,18.944416957515354,6.629656447593472,2
12.266242309466728,52.93281007708295,18.04041329469348,3.324115632115216,2
10.615434770773948,50.85803143992205,18.278854053663252,3.7909433243014234,2
12.777953844345625,51.34309047712372,18.533017187438723,3.749674065171881,2
11.002140782935852,51.12444156451107,20.51302824882108,3.4775742078601515,2
12.024705928301557,49.834931691084115,19.682144089578166,5.02422522888587,2
11.272890175807728,50.9420074067546,18.822203487945693,3.3866673204935855,2
10.808901134490185,50.39308051341588,18.304629982804002,3.299187567389283,2
9.69474483487904,49.75118246156225,19.451794552729815,4.950710594357183,2
10.853242751045208,51.37670805044084,19.952158223259726,5.187085410523348,2
9.083567611208323,50.25030771253795,16.96116961384279,6.06051483530703,2
11.253461533064492,50.327369942983886,20.366786529294146,4.975554733526328,2
12.568670329083815,52.005583629380325,17.777111051958226,5.854802333151426,2
10.279396296018241,50.83236285594297,17.049948198795292,3.6597003132802004,2
11.774649529645108,51.208113357634524,18.38018533341115,5.232225819232413,2
11.54603336369634,50.352414644374576,20.111950867701246,5.788619574674991,2
7.155942572881456,49.031985654892495,17.588584746245854,4.101007117243685,2
10.997040350719912,51.189184888594006,20.03785903735039,7.137756921642628,2
8.317385557542817,50.193679794039895,17.49491691007624,5.539949500469012,2
11.670927852874245,50.80903816678441,19.160508264552135,4.397946559492023,2
13.75966292788561,50.270176173250825,17.299768142210084,4.950441581154461,2
10.311684016176471,52.77471482837074,18.669464465774837,4.9055037451745385,2
11.438416280043095,49.712935975808016,18.461622301002134,3.561466183879939,2
9.594079480321204,49.845765135382564,17.87273547297225,2.8085047526914155,2
10.292467929573329,51.203067064989995,17.890949678943418,2.659636673796679,2
10.638486919151633,48.71801371665242,18.96838962685976,4.927440322767338,2
10.396754757192602,52.27456998951396,20.32388389015259,5.138697397505961,2
10.829017198624882,50.409010275335284,22.529054230563915,5.975328243604496,2
11.136962048136397,51.81094837090834,19.288383969860448,6.359754175644408,2
10.729736901171423,50.025785156360556,17.73263978206152,3.6984210093797163,2
9.749974444889363,49.38600874686236,19.61072471985365,2.7404817138949555,2
10.569564781548618,51.600901749268026,20.03367109314644,5.409925398296428,2
12.206170672500797,52.8478240053725,20.604656464955283,6.424030970087857,2
10.512959927812695,50.9675772329396,20.16010806832463,6.706315679329972,2
9.971762646681878,52.08291099162649,20.441808921060712,4.2629664158653,2
13.19752881439595,51.363726113002606,20.058328168864797,5.069068395042297,2
12.116479116603118,49.389146103741695,19.158595686701165,2.323574956851145,2
10.022411824603207,52.771109359121596,18.131839818193495,3.7516001551398728,2
10.176925406281063,50.30701472683693,17.85721769975581,4.010630087551133,2
10.660497151732875,52.79210741793262,21.44552891976474,5.6917747445360085,2
8.833439292174358,52.03722252593907,18.5038481496136,4.297146997106891,2
11.275840544429002,51.31692043878751,17.614153116557496,6.41194745129488,2
10.836355136805198,53.915838586049965,17.452256076271226,4.695021271304472,2
10.955162657463552,49.76260570578805,19.34620898086748,5.158173909639907,2
11.170028415787495,50.094473691101086,19.010477601751365,6.749955150798552,2
11.613970552865503,53.40060252848069,16.841719195518756,3.626356426892107,2
10.205439515738357,49.81239980743989,19.751970458678226,3.4275131731408157,2
10.219334587288722,51.3672124291534,18.45626225582592,4.955550654164837,2
13.68435135383024,51.0140927392374,18.957192689835857,4.643876889055054,2
12.120804146394972,52.812841574585384,19.507420170030848,2.2225580007768255,2
9.478795486896816,51.50140655742439,20.394952333262843,2.875524743776522,2
12.603447517036923,50.351762526060604,18.69268408142499,5.940373792034162,2
11.366316347086121,53.23150416383756,18.87256675275877,5.398624078769967,2
9.501843456717888,52.165832758142464,21.600778095809495,4.827828553864419,2
10.320844938339151,52.00038706300389,19.605569520572868,4.959241022512399,2
10.804663927785164,50.560606337222026,18.995562973169605,3.895549397237804,2
8.571263817207775,49.73477133439844,18.750623549889166,6.019573097814536,2
10.216524383375646,51.5974124976006,20.2846110331855,5.961415961610541,2
9.262033546518069,50.58485873193897,20.437926234148215,5.309030709339922,2
10.377465767848285,50.834323242279744,17.075006345149276,3.7930458778610214,2
11.069157589509574,51.83689642542725,20.396807348404614,4.573495796992732,2
9.861318580529565,52.42609172755994,17.248449239310993,3.455135092063346,2
12.430399307039012,52.44063488387005,16.16691779521141,3.3551292827595995,2
11.460868836233791,50.68857045381708,18.922681978772438,4.004842481801794,2
10.663700498609238,52.569839193993374,18.59085811727001,6.72637357672167,2
11.114884410679146,51.97277701423526,20.85448679930459,6.475181075369182,2
11.357495372204692,52.22871914365336,19.05793594381903,4.606554500973914,2
11.435993179751518,51.920049941043104,19.19885329733721,2.6347133940857175,2
9.715151475334556,51.78091144738946,17.193304763927795,5.757568742889637,2
11.13566831048542,51.77450679724578,17.988630959956993,4.015953801789351,2
11.328981462044572,53.78705371185306,18.36832981627512,3.8042399275674628,2
11.169509922043025,50.04456045384068,19.007273532462015,5.351832484964035,2
9.498296011508934,50.28040377577994,18.35548616728459,3.464550052240325,2
10.045648419635388,49.66031786594987,20.850007418606673,4.253355313436922,2
9.702488376367487,50.534644743842094,20.89427840157646,4.504429046042782,2
12.709375229903861,52.35257540150806,18.90012387651658,5.832932966569084,2
9.934980916090073,49.24460659643268,19.73483068659102,4.094231447175125,2
11.746184305936763,51.34026106670038,18.03608569142024,6.7175007255099315,2
11.936472090871456,52.80483871504314,19.487446405278124,6.496312393807935,2
9.6457298386654,50.00407511452766,18.33735572866096,2.871901854354567,2
12.219426924187953,52.21859032249369,18.977429115291056,6.106163647200912,2
7.6209368812678395,53.43085676567769,19.055251920053,3.5782787069583386,2
10.508511093735143,49.84418542081392,18.5651137668544,6.543255414173007,2
9.639500259784631,51.27287849504899,16.174565308253264,2.8567537516206714,2
8.35913230961708,51.924014117307216,19.0345009077172,5.521255007345685,2
10.619381316496677,51.0463122685245,15.317806117949374,3.821534524784969,2
7.933204131608191,51.98841874698106,20.376884803570626,4.50840321772285,2
9.865598104241274,51.963310790560776,17.057735191765122,6.0079714824945425,2
10.560839787637873,50.81869549570587,18.799878010731128,4.2288531225746055,2
11.688229167024499,50.39768315794599,18.78653660267828,4.743323701274936,2
10.130550196763668,50.57814568548865,20.283516231753694,3.755516847726672,2
9.651672317449611,51.60731667661407,17.46088745804637,1.9902137239616216,2
10.139809201704342,52.75251014191795,18.65959445053343,3.8478997078052926,2
9.979935906444787,50.81018715419437,18.67207725814728,6.104739853159666,2
11.607314716659554,52.175679222548,19.13306633026118,5.942787713580944,2
8.890861260969885,51.967230135961444,18.737298218389505,6.2719511725039165,2
11.68723411311501,51.42841639435836,21.460780128303718,5.017068433390613,2
11.42949851849154,49.605161217686664,18.831108051007366,5.574719825329076,2
10.894057058568162,52.609484956169524,20.09187881592386,5.211494208822972,2
10.588909700491861,48.73588849169446,19.255032507881914,4.5881634983140165,2
9.700113750684894,51.197796892584606,18.285714957736474,5.250377649707918,2
10.587833077720374,54.35757375810024,19.36777168531387,5.4199053803031445,2
8.658563051640883,50.16029565327747,20.001102901667288,6.345666465432417,2
12.748934024760128,50.9930537610626,21.237276325866894,4.089598648446211,2
11.365427188713209,50.988922523492306,20.77704579287217,2.7618003382180762,2
8.044381592460406,50.52507049509148,18.38256682031549,3.9932465078430948,2
9.14445875660701,50.57423328637358,19.552532368653157,1.1732496220238162,2
10.609296766148404,50.49262257152973,19.034793096876548,3.694536732685977,2
10.172665330985204,50.9263774154407,18.238296677822834,4.252118664561828,2
9.478278364004233,50.499200852400186,18.321929322346744,4.853958484513174,2
9.068852917569638,50.40135873335414,20.47894383438493,6.453963073260451,2
12.548888952213211,50.86578927593483,18.75213464643156,2.827546301088863,2
11.498516399227107,51.49050793082272,18.40696576930092,4.291643579746692,2
12.184441266487465,51.83527035281556,20.220468124844622,4.783487726954363,2
9.30706292336047,50.815913129629315,18.88755491170565,7.761160886543596,2
11.132042693960837,49.994612309995624,16.89509237790155,5.6875416895467374,2
11.653271063473966,49.574525271657954,19.15985863127147,5.5863028540189035,2
11.871620999553379,51.1910753193041,19.476415889655122,3.5266877582092873,2
11.465991617213335,51.3257490418239,20.635421761694786,5.828539031241483,2
9.175148897602321,51.51865496528697,19.24290004880363,2.195662367142374,2
12.061107468975923,53.83390590396794,14.45037583599399,3.142921616715213,3
11.652565999993906,55.723080422243804,17.277532928754894,0.8059309010826574,3
11.350582130869267,55.86429160485714,14.900524755200747,2.123463681415575,3
8.967602447002177,55.91076655745088,13.623222424002153,1.7219880305074708,3
9.931328692091903,54.68453401602968,14.80392460176281,4.001998509530749,3
12.585101122426309,57.08565531876461,14.94941043462045,5.166247676149682,3
10.163345556536505,55.481136603153715,14.751994522237224,2.8139306328795946,3
11.82106413825297,53.025736740647204,12.606576853616723,0.49368671446402645,3
13.377066984206197,55.4972496557507,15.384822562167594,1.4181655411219374,3
9.137937385823605,55.33207426357631,14.959435776518136,5.05467944046454,3
11.078230914385276,55.87097672015887,15.09162087115782,2.3851131705733204,3
13.348808595502975,57.037713310883106,15.420595118346645,2.7049960094083394,3
12.947952638096373,54.82488595563267,15.413122353968483,3.6912474263410022,3
10.254300353051722,52.169539756574565,14.531636014552012,3.6216178627133635,3
11.333900752836117,53.50679288351218,18.60357553570534,3.1443343406957687,3
15.312995886674145,54.293518417018625,15.247582774618106,2.9608284638606865,3
12.92214331423747,54.72637403268036,14.478489605789449,2.4789818862019923,3
14.379920694070066,55.43758375390458,14.174324360162446,4.0720276931155235,3
12.16298375031892,56.431067817911334,15.153650237282005,2.332034068525858,3
16.217921437149265,52.78148474567592,13.097164722756343,2.3221711199683917,3
12.317641258460581,54.355562635454426,15.738337217579433,5.149609589304362,3
12.304572446369143,54.493051196774374,14.827052488695738,1.338553479824255,3
11.3143501010518,57.47431836205397,18.676767404233342,3.5736788849966286,3
12.689899332297712,54.46128231265623,16.220052553621358,4.2503269353919775,3
11.098166849823835,54.551168570855666,13.86113609248625,0.9621294310201343,3
12.797466155160723,55.07259978562321,15.916467571514323,5.48403591899203,3
11.92850105467301,56.05859527909257,13.507253336093076,3.2644163699003723,3
13.04909193424933,56.835765773767626,14.767227897738136,3.8810694686243976,3
13.495762974675346,55.62825518137869,18.411574893207302,3.3464614024447967,3
11.257385672600478,55.07683076355742,16.077212332177,5.129193199407478,3
13.502630397309169,55.62370215932161,15.07556488228383,1.19321719676791,3
11.55124113494222,55.488735711533465,14.04338657634167,3.2908424575909434,3
10.097794627879258,53.00366502128926,14.335961171616828,1.5725762865875255,3
12.856504868491804,51.75124673748792,13.49365310484404,1.3222024844806106,3
12.12303007229824,55.80068149893871,16.50645523041182,3.961871366698714,3
14.452430319522861,53.808147675168996,15.288950121894267,3.999101737529503,3
14.592281201470877,54.98379225220756,15.455666798209178,5.138100419089942,3
10.516093904911193,54.76395794544918,14.384768975444286,4.501095715673265,3
16.98963732289908,57.85566396136223,16.661920693148957,4.376845507766825,3
12.107223318447433,54.30106935565004,14.855001417750824,2.521825342305356,3
13.297943913136198,56.496702634892436,14.561154187973555,5.6734345552584,3
12.559288885250359,56.558047634581214,15.583502274413416,1.5336483983586595,3
11.500633390942752,53.6578173354368,14.702721645310731,4.5609721641214085,3
10.861452876550295,54.572017211794055,16.23285268801268,2.098524833320377,3
11.609810233541713,52.967385877535094,13.50878841506545,3.9480770184708063,3
11.209742477999766,54.253783400688455,13.129261752286835,5.696984236550064,3
11.792921269293284,54.61623319432681,15.67617085436616,0.8422247495558675,3
15.415577605830762,55.98219846816183,13.779239229437763,5.293469701320477,3
11.925546691859132,54.1931568064205,16.041442994593474,3.7884053876126265,3
10.98769383097974,56.035200277324066,13.147101200990244,1.966483164045537,3
12.276996100793966,54.9385607258228,12.172608656587201,2.7421687073669023,3
13.307169373789364,55.46006199237898,14.689941946973024,2.7530590035400184,3
12.27217932299172,52.75849612562976,16.594037201255723,3.6322300453320295,3
12.755821199199962,55.605440238359506,14.424925653773139,2.9430343204251352,3
14.084152880452047,55.39544812884112,12.678492133681091,1.9871712783457238,3
11.836914353436232,53.706968273482005,17.12945665183808,2.697065718410302,3
12.044571575494825,54.70566281814501,18.6779054304265,1.28420210011769,3
12.392480699934918,52.86727306564105,14.174270661271967,3.584614702992213,3
11.218356324235774,55.45411509456976,14.780083707823039,2.2125803921311253,3
13.309894919424849,53.52598504750225,15.212197902845718,3.533322982330593,3
10.056427365996917,54.015167867108254,13.3932202540185,4.662906264965576,3
11.03635325144248,57.352320573055806,14.993152856875557,1.9437007861670885,3
8.467041249245007,56.313768247813556,13.372797904973703,3.8559122531907803,3
11.54723966322715,53.620006633553096,15.564942022671826,-0.3217577350533798,3
9.837819560124371,56.30219419484978,13.701017864757567,3.566591040376164,3
12.49074190583312,54.09018633682085,16.911201533777504,4.331266976298541,3
14.262625373562715,54.649916335132836,16.96976958758567,4.586616588466554,3
9.355164682941624,53.42601601813021,15.978331062462091,2.6669480188852512,3
14.110829326860816,54.92667551242582,12.053355455312433,1.7780514033575998,3
13.580585847176433,56.52908196247639,16.936627096722482,3.056837972481119,3
12.010638656481019,54.27857485644591,15.961254309963943,4.100263162605249,3
14.361684502909617,55.70785399254691,15.08903797409248,2.392163218517826,3
12.382392279318172,53.8583525285354,15.87938843758146,2.5860425840479673,3
12.44238027046314,56.49155540715767,15.04066746137752,5.508894533194852,3
11.666761360651043,57.63730859506952,15.964733334423569,2.4664674904558765,3
14.206014575012933,54.31367813862102,14.967941277120397,1.8645033072775146,3
10.689587442309795,56.37362071460692,16.024950077714017,2.9084602406064093,3
11.74362590867897,54.061058566144595,15.07393360172077,4.048711553459215,3
15.654545482250887,55.53225091997825,15.307261492145146,1.746694498265863,3
12.191159223622634,54.29935078584622,13.555296201703115,2.4331341164691733,3
11.377460477768954,54.093834506466905,12.260638054978266,4.25228767872029,3
12.46018100526782,52.62283836310279,15.153888031920182,2.6352815918741417,3
13.87016738931194,54.136759704069064,13.885503497515685,5.586279014775509,3
12.334387520679218,54.35207787346556,16.688302986745516,4.1152902985068165,3
12.285787750619308,54.24754354284077,15.918122333298538,3.7698340516151583,3
10.224465761765886,53.18289211422408,16.001082407250152,2.028015229330109,3
13.039819141556796,55.19194090996058,14.170780246321035,2.0908709744179754,3
13.652076238992636,55.48515622476261,14.005079099312693,3.9862862608126806,3
12.375433562008885,53.59948040583772,12.989124594600955,2.8473187558002415,3
12.93132641502019,54.48097553922117,16.06134258250742,2.1868444021953515,3
12.555669877797815,56.47299298103219,15.575100193884799,1.570871846140555,3
15.358296015187666,55.14985334784957,16.217600075976087,3.879747179731809,3
12.70061021042282,55.74765097391426,16.422842677787617,5.020759045699222,3
12.632446174971864,53.31612422109153,15.711062298976843,5.986846795721629,3
9.945846884955767,54.19103291505651,16.40559002160895,1.768306408880487,3
11.133087814846196,54.00105281523438,12.926884075347004,5.179208312531557,3
10.929633322225293,51.98829880328023,15.250539723355553,4.380812305153611,3
11.341174885437436,55.434966319984376,12.923415535627505,1.7104051003246694,3
12.409538823887196,54.45347498268487,15.558541085265103,1.9060877036665769,3
10.904674464327952,52.3624909089555,17.23033953913395,2.9567640345371085,3
